"","x"
"B_Fet_Wk12_AP23_AAAAAAAAAAAA","MSC"
"B_Fet_Wk12_AP23_AAAACCCGTGAG","SkM"
"B_Fet_Wk12_AP23_AAAACCGACTAT","MSC"
"B_Fet_Wk12_AP23_AAAAGCACTCGG","MSC"
"B_Fet_Wk12_AP23_AAAAGCGGCGCA","SkM"
"B_Fet_Wk12_AP23_AAAAGGTGCGAG","MSC"
"B_Fet_Wk12_AP23_AAAATATATTAG","SkM"
"B_Fet_Wk12_AP23_AAAATTTGTTTG","SkM"
"B_Fet_Wk12_AP23_AAACGGTTGACG","MSC"
"B_Fet_Wk12_AP23_AAACTCATCCTC","MSC"
"B_Fet_Wk12_AP23_AAACTGCCCACA","SkM"
"B_Fet_Wk12_AP23_AAAGAGTTCCCG","MSC"
"B_Fet_Wk12_AP23_AAATACTATTCG","MSC"
"B_Fet_Wk12_AP23_AAATCGACACCG","SkM"
"B_Fet_Wk12_AP23_AACAAACGTTAT","MSC"
"B_Fet_Wk12_AP23_AACAGATCGGGA","SkM"
"B_Fet_Wk12_AP23_AACATTGGAGAT","SkM"
"B_Fet_Wk12_AP23_AACCCATAACAC","Teno"
"B_Fet_Wk12_AP23_AACCGATACGTG","SkM"
"B_Fet_Wk12_AP23_AACCTGGGTTCC","MSC"
"B_Fet_Wk12_AP23_AACGACCGCTGG","SkM"
"B_Fet_Wk12_AP23_AACTGGCAGCCG","SkM"
"B_Fet_Wk12_AP23_AACTTACGCGTA","MSC"
"B_Fet_Wk12_AP23_AACTTATTCCGG","MSC"
"B_Fet_Wk12_AP23_AAGAACGTGGCT","MSC"
"B_Fet_Wk12_AP23_AAGAAGTGATCT","Teno"
"B_Fet_Wk12_AP23_AAGCAGTATAGG","SkM"
"B_Fet_Wk12_AP23_AAGCATGTCGGC","Dermal"
"B_Fet_Wk12_AP23_AAGGACCCTTTT","MSC"
"B_Fet_Wk12_AP23_AAGGCAAAAGGG","MSC"
"B_Fet_Wk12_AP23_AAGGCGATAGGA","SkM"
"B_Fet_Wk12_AP23_AAGGTCATAAAC","MSC"
"B_Fet_Wk12_AP23_AAGGTGATGACT","SkM"
"B_Fet_Wk12_AP23_AAGTATTGGCGT","MSC"
"B_Fet_Wk12_AP23_AAGTCACTTCGG","MSC"
"B_Fet_Wk12_AP23_AAGTGCGAATCG","SkM"
"B_Fet_Wk12_AP23_AAGTGGTTCATT","MSC"
"B_Fet_Wk12_AP23_AAGTTCCTCTCC","SkM"
"B_Fet_Wk12_AP23_AATAATCGAGAG","MSC"
"B_Fet_Wk12_AP23_AATACCGCTGAT","SkM"
"B_Fet_Wk12_AP23_AATATTGTGTAC","MSC"
"B_Fet_Wk12_AP23_AATCCGTAGACT","Teno"
"B_Fet_Wk12_AP23_AATCTGAGCGGC","SkM"
"B_Fet_Wk12_AP23_AATGAATTAAAA","MSC"
"B_Fet_Wk12_AP23_AATGAGATGGAG","MSC"
"B_Fet_Wk12_AP23_AATGGCATAGGA","Teno"
"B_Fet_Wk12_AP23_AATGGTAGACGT","MSC"
"B_Fet_Wk12_AP23_AATTACGTTACG","MSC"
"B_Fet_Wk12_AP23_AATTGAGAAGTT","MSC"
"B_Fet_Wk12_AP23_AATTGCAGGATT","MSC"
"B_Fet_Wk12_AP23_ACAAATGCTTTC","SkM"
"B_Fet_Wk12_AP23_ACAACCGGGATT","MSC"
"B_Fet_Wk12_AP23_ACAACGACGTTT","MSC"
"B_Fet_Wk12_AP23_ACAACGTATTGA","MSC"
"B_Fet_Wk12_AP23_ACAATACTGTCC","MSC"
"B_Fet_Wk12_AP23_ACAATCTGTTTA","MSC"
"B_Fet_Wk12_AP23_ACACGACTCTCG","SkM"
"B_Fet_Wk12_AP23_ACAGCTACATCG","MSC"
"B_Fet_Wk12_AP23_ACAGCTTGTCCC","SkM"
"B_Fet_Wk12_AP23_ACATCGTAAGGG","Dermal"
"B_Fet_Wk12_AP23_ACATTGCAATGC","MSC"
"B_Fet_Wk12_AP23_ACCACGAACGGG","Dermal"
"B_Fet_Wk12_AP23_ACCCAATCGTGA","Dermal"
"B_Fet_Wk12_AP23_ACCCATTCGTCT","MSC"
"B_Fet_Wk12_AP23_ACCCCAAACTAA","MSC"
"B_Fet_Wk12_AP23_ACCCCCCAGTAA","MSC"
"B_Fet_Wk12_AP23_ACCCCGACGGAT","Dermal"
"B_Fet_Wk12_AP23_ACCCCGAGAGCA","SkM"
"B_Fet_Wk12_AP23_ACCCGTTACGAG","MSC"
"B_Fet_Wk12_AP23_ACCGAGTAGTTC","SkM"
"B_Fet_Wk12_AP23_ACCGCGCGGCAA","MSC"
"B_Fet_Wk12_AP23_ACCGCTAGCACG","SkM"
"B_Fet_Wk12_AP23_ACCGTAGACTAG","Teno"
"B_Fet_Wk12_AP23_ACCTTGGTTTGC","SkM"
"B_Fet_Wk12_AP23_ACGAATGTCGGG","SkM"
"B_Fet_Wk12_AP23_ACGACACAGAGG","MSC"
"B_Fet_Wk12_AP23_ACGACTTTACCT","MSC"
"B_Fet_Wk12_AP23_ACGAGTTGGTTG","MSC"
"B_Fet_Wk12_AP23_ACGATTAAGAAG","Dermal"
"B_Fet_Wk12_AP23_ACGCATGGGCTG","MSC"
"B_Fet_Wk12_AP23_ACGCATTGTCGG","SkM"
"B_Fet_Wk12_AP23_ACGCGGGCGCAA","SkM"
"B_Fet_Wk12_AP23_ACGCGTTGCAGG","SkM"
"B_Fet_Wk12_AP23_ACGGACTTTGAA","SkM"
"B_Fet_Wk12_AP23_ACGGAGTCTGTC","MSC"
"B_Fet_Wk12_AP23_ACGGGATATGAG","MSC"
"B_Fet_Wk12_AP23_ACGTTAGCTCAG","MSC"
"B_Fet_Wk12_AP23_ACGTTAGGATGG","MSC"
"B_Fet_Wk12_AP23_ACTCAACACATG","Dermal"
"B_Fet_Wk12_AP23_ACTCAAGCATTC","SkM"
"B_Fet_Wk12_AP23_ACTCGGAAGAAC","MSC"
"B_Fet_Wk12_AP23_ACTCGGCCCGCG","Dermal"
"B_Fet_Wk12_AP23_ACTCTGTGGTTC","MSC"
"B_Fet_Wk12_AP23_ACTGCCACGTCA","SkM"
"B_Fet_Wk12_AP23_ACTGGTCAATAG","MSC"
"B_Fet_Wk12_AP23_ACTGGTGCCGGG","SkM"
"B_Fet_Wk12_AP23_ACTGTTCCTCCT","MSC"
"B_Fet_Wk12_AP23_ACTTCATTATCC","MSC"
"B_Fet_Wk12_AP23_ACTTCGAACGTT","SkM"
"B_Fet_Wk12_AP23_ACTTCGGAATTT","MSC"
"B_Fet_Wk12_AP23_AGAAACTGCTCG","MSC"
"B_Fet_Wk12_AP23_AGAAAGCTCGAC","SMC"
"B_Fet_Wk12_AP23_AGAACCTAGACA","MSC"
"B_Fet_Wk12_AP23_AGAACTGCCCTA","MSC"
"B_Fet_Wk12_AP23_AGAAGTTGACAG","MSC"
"B_Fet_Wk12_AP23_AGAATCAAGGAT","SkM"
"B_Fet_Wk12_AP23_AGAATGAATAGG","SkM"
"B_Fet_Wk12_AP23_AGACCCACCGGG","MSC"
"B_Fet_Wk12_AP23_AGACCTTCAAGC","MSC"
"B_Fet_Wk12_AP23_AGACGCACCTGT","MSC"
"B_Fet_Wk12_AP23_AGACTGACACAG","MSC"
"B_Fet_Wk12_AP23_AGAGAGCCCCCA","SkM"
"B_Fet_Wk12_AP23_AGAGATGAGAAG","SkM"
"B_Fet_Wk12_AP23_AGAGCTGATATG","SkM"
"B_Fet_Wk12_AP23_AGAGGATACCTA","MSC"
"B_Fet_Wk12_AP23_AGAGGCGCGTTC","MSC"
"B_Fet_Wk12_AP23_AGAGGGGTTGTG","MSC"
"B_Fet_Wk12_AP23_AGAGTTAGCTGG","SkM"
"B_Fet_Wk12_AP23_AGATGTTTTTGA","MSC"
"B_Fet_Wk12_AP23_AGATTGTCGCGT","SMC"
"B_Fet_Wk12_AP23_AGCAACAGGTGT","SkM"
"B_Fet_Wk12_AP23_AGCACCGACTGG","MSC"
"B_Fet_Wk12_AP23_AGCCCCAGGAAA","SkM"
"B_Fet_Wk12_AP23_AGCCCGCTCTCT","MSC"
"B_Fet_Wk12_AP23_AGCCTCAGCCAC","SkM"
"B_Fet_Wk12_AP23_AGCGGCAAACTT","SkM"
"B_Fet_Wk12_AP23_AGCGTGATGCGC","MSC"
"B_Fet_Wk12_AP23_AGCTTAGGGAGG","SkM"
"B_Fet_Wk12_AP23_AGCTTCTTGGCG","MSC"
"B_Fet_Wk12_AP23_AGGACATAGTGA","SkM"
"B_Fet_Wk12_AP23_AGGACGGGATAG","SkM"
"B_Fet_Wk12_AP23_AGGATATGTGAT","MSC"
"B_Fet_Wk12_AP23_AGGATCCTAGTA","MSC"
"B_Fet_Wk12_AP23_AGGCGGTGCCTA","SkM"
"B_Fet_Wk12_AP23_AGGCTGTTCGTG","MSC"
"B_Fet_Wk12_AP23_AGGGACTAGAAT","SkM"
"B_Fet_Wk12_AP23_AGGGCGGATTTG","MSC"
"B_Fet_Wk12_AP23_AGGGTATAACCG","MSC"
"B_Fet_Wk12_AP23_AGGTAGTCAATG","MSC"
"B_Fet_Wk12_AP23_AGGTGGTTCTCC","MSC"
"B_Fet_Wk12_AP23_AGGTTTTAGTGA","MSC"
"B_Fet_Wk12_AP23_AGTATGAAGCTC","MSC"
"B_Fet_Wk12_AP23_AGTCATTGTCAG","MSC"
"B_Fet_Wk12_AP23_AGTCCCGCGGCG","MSC"
"B_Fet_Wk12_AP23_AGTCGTCGGTCG","MSC"
"B_Fet_Wk12_AP23_AGTGGGACGTGG","Dermal"
"B_Fet_Wk12_AP23_AGTGGGTCACGG","MSC"
"B_Fet_Wk12_AP23_AGTGGTCTTGGG","SkM"
"B_Fet_Wk12_AP23_AGTGTTTCGGTC","MSC"
"B_Fet_Wk12_AP23_AGTTGGTAGAGG","MSC"
"B_Fet_Wk12_AP23_AGTTTCTTGCCA","MSC"
"B_Fet_Wk12_AP23_AGTTTGGTCGGG","MSC"
"B_Fet_Wk12_AP23_ATAAAGTGCCTG","Teno"
"B_Fet_Wk12_AP23_ATAACGCCTAGC","Teno"
"B_Fet_Wk12_AP23_ATAAGACTTGCG","MSC"
"B_Fet_Wk12_AP23_ATAAGTCCTGGA","MSC"
"B_Fet_Wk12_AP23_ATAAGTGGCTTC","MSC"
"B_Fet_Wk12_AP23_ATAATATGTGGC","MSC"
"B_Fet_Wk12_AP23_ATACTATGGCCG","SkM"
"B_Fet_Wk12_AP23_ATACTTATATGT","MSC"
"B_Fet_Wk12_AP23_ATAGACCATGAG","SkM"
"B_Fet_Wk12_AP23_ATAGATTTTAGG","SkM"
"B_Fet_Wk12_AP23_ATAGTCCTGTTT","Teno"
"B_Fet_Wk12_AP23_ATAGTTTCGCGG","SkM"
"B_Fet_Wk12_AP23_ATATAGATGACA","MSC"
"B_Fet_Wk12_AP23_ATATTCCCCAAG","SkM"
"B_Fet_Wk12_AP23_ATCAAATCAAAT","SkM"
"B_Fet_Wk12_AP23_ATCAACGCCCGG","MSC"
"B_Fet_Wk12_AP23_ATCAGCATGAGG","SkM"
"B_Fet_Wk12_AP23_ATCAGCCGCAGG","SkM"
"B_Fet_Wk12_AP23_ATCAGTGAACTT","MSC"
"B_Fet_Wk12_AP23_ATCATTATACAC","MSC"
"B_Fet_Wk12_AP23_ATCCTTAGTCAT","SkM"
"B_Fet_Wk12_AP23_ATCCTTGATTAG","Teno"
"B_Fet_Wk12_AP23_ATCCTTTCGGCA","MSC"
"B_Fet_Wk12_AP23_ATCGGCCAATAC","SkM"
"B_Fet_Wk12_AP23_ATCGGTATGAAA","MSC"
"B_Fet_Wk12_AP23_ATCGTAACGCAT","MSC"
"B_Fet_Wk12_AP23_ATCGTAGTGTTA","SkM"
"B_Fet_Wk12_AP23_ATCGTATGTCCT","SkM"
"B_Fet_Wk12_AP23_ATCTAACTCGAA","SkM"
"B_Fet_Wk12_AP23_ATCTGAACCGGC","MSC"
"B_Fet_Wk12_AP23_ATCTGTGGAATT","SkM"
"B_Fet_Wk12_AP23_ATGAACGAGGAA","MSC"
"B_Fet_Wk12_AP23_ATGATCGGAACT","MSC"
"B_Fet_Wk12_AP23_ATGCACCCCTCG","MSC"
"B_Fet_Wk12_AP23_ATGCGTGCCAAG","Dermal"
"B_Fet_Wk12_AP23_ATGCTGTGCATC","MSC"
"B_Fet_Wk12_AP23_ATGTCCCACTTC","SkM"
"B_Fet_Wk12_AP23_ATGTCCTATTCG","SkM"
"B_Fet_Wk12_AP23_ATTAGTCCAAGA","SkM"
"B_Fet_Wk12_AP23_ATTATGAGCCTG","SkM"
"B_Fet_Wk12_AP23_ATTATGTAGCGC","SkM"
"B_Fet_Wk12_AP23_ATTCCGACGTGG","MSC"
"B_Fet_Wk12_AP23_ATTCGAGATTAG","MSC"
"B_Fet_Wk12_AP23_ATTCTGGTCTCG","MSC"
"B_Fet_Wk12_AP23_ATTGCCTCTGAT","SkM"
"B_Fet_Wk12_AP23_ATTGCTAGCCGG","MSC"
"B_Fet_Wk12_AP23_ATTGGAGCGTCC","MSC"
"B_Fet_Wk12_AP23_ATTGTTTATAAT","SkM"
"B_Fet_Wk12_AP23_ATTGTTTTGGAT","MSC"
"B_Fet_Wk12_AP23_ATTTCGGCGAGG","MSC"
"B_Fet_Wk12_AP23_CAAAAAAGTTCC","MSC"
"B_Fet_Wk12_AP23_CAAAAGACCTCG","Dermal"
"B_Fet_Wk12_AP23_CAAACAGCATCG","SkM"
"B_Fet_Wk12_AP23_CAAACGTGTTTC","MSC"
"B_Fet_Wk12_AP23_CAAAGCCTCGAC","MSC"
"B_Fet_Wk12_AP23_CAACCCCATGCA","MSC"
"B_Fet_Wk12_AP23_CAACCTGACTGG","MSC"
"B_Fet_Wk12_AP23_CAACTCCTTTGA","MSC"
"B_Fet_Wk12_AP23_CAAGTAATGGGC","MSC"
"B_Fet_Wk12_AP23_CAATGTCGAAGC","MSC"
"B_Fet_Wk12_AP23_CAATTCTTCAAT","MSC"
"B_Fet_Wk12_AP23_CAATTGCTGTTC","MSC"
"B_Fet_Wk12_AP23_CACACAAATCGG","MSC"
"B_Fet_Wk12_AP23_CACAGGTGAGGT","SkM"
"B_Fet_Wk12_AP23_CACATGCTTTTA","Dermal"
"B_Fet_Wk12_AP23_CACATTAAGTGG","MSC"
"B_Fet_Wk12_AP23_CACCCGCCTCAC","MSC"
"B_Fet_Wk12_AP23_CACGTTGCGAGG","MSC"
"B_Fet_Wk12_AP23_CACTTACGGCTT","MSC"
"B_Fet_Wk12_AP23_CAGAACTGTGAT","SkM"
"B_Fet_Wk12_AP23_CAGAAGTGGATG","MSC"
"B_Fet_Wk12_AP23_CAGATAGTGATA","SkM"
"B_Fet_Wk12_AP23_CAGATCACTTTT","SkM"
"B_Fet_Wk12_AP23_CAGATTGGACGC","MSC"
"B_Fet_Wk12_AP23_CAGCATAAAGCT","MSC"
"B_Fet_Wk12_AP23_CAGCATTAAGTG","Teno"
"B_Fet_Wk12_AP23_CAGCCCAGCGAC","Schwann"
"B_Fet_Wk12_AP23_CAGCCCTTGCCC","MSC"
"B_Fet_Wk12_AP23_CAGCTGCTGCAG","SkM"
"B_Fet_Wk12_AP23_CAGGACAAGAGA","SkM"
"B_Fet_Wk12_AP23_CAGGCACAATTC","SkM"
"B_Fet_Wk12_AP23_CAGGCGATGGCC","Dermal"
"B_Fet_Wk12_AP23_CAGGCGCTCGGA","MSC"
"B_Fet_Wk12_AP23_CAGGGTGCCTAA","SkM"
"B_Fet_Wk12_AP23_CAGGGTTAACTC","MSC"
"B_Fet_Wk12_AP23_CAGGTAATGTGG","SkM"
"B_Fet_Wk12_AP23_CAGGTACTCCTC","SkM"
"B_Fet_Wk12_AP23_CAGGTATCTGTG","SkM"
"B_Fet_Wk12_AP23_CAGGTCACGCAA","Teno"
"B_Fet_Wk12_AP23_CAGGTCGCGAGT","SkM"
"B_Fet_Wk12_AP23_CAGTGGGACTGG","MSC"
"B_Fet_Wk12_AP23_CAGTTACCACGC","Dermal"
"B_Fet_Wk12_AP23_CATAGAAATGAA","MSC"
"B_Fet_Wk12_AP23_CATGAATTGTGT","MSC"
"B_Fet_Wk12_AP23_CATGAGACGAGT","SkM"
"B_Fet_Wk12_AP23_CATGCTTGAGCG","SkM"
"B_Fet_Wk12_AP23_CATGGACGTGCC","MSC"
"B_Fet_Wk12_AP23_CATGGCTGTGTA","MSC"
"B_Fet_Wk12_AP23_CATGTGACAAGA","MSC"
"B_Fet_Wk12_AP23_CATGTTTGAGGA","MSC"
"B_Fet_Wk12_AP23_CATTCGTGGTCG","SkM"
"B_Fet_Wk12_AP23_CATTGATGTGAA","SkM"
"B_Fet_Wk12_AP23_CATTTCTTATCG","Teno"
"B_Fet_Wk12_AP23_CATTTGGGATGG","MSC"
"B_Fet_Wk12_AP23_CCAACATATTTT","SkM"
"B_Fet_Wk12_AP23_CCAACTTCTGAG","Teno"
"B_Fet_Wk12_AP23_CCAAGGACTTTT","MSC"
"B_Fet_Wk12_AP23_CCACAAGTACAA","SkM"
"B_Fet_Wk12_AP23_CCACCATATCGT","MSC"
"B_Fet_Wk12_AP23_CCACCCAGTAGT","SkM"
"B_Fet_Wk12_AP23_CCACGTCAAGCC","MSC"
"B_Fet_Wk12_AP23_CCACGTCCACGG","SkM"
"B_Fet_Wk12_AP23_CCAGCCCTACAC","MSC"
"B_Fet_Wk12_AP23_CCAGGTTTTATC","MSC"
"B_Fet_Wk12_AP23_CCATACTTCAGA","Schwann"
"B_Fet_Wk12_AP23_CCATGAACGAGA","MSC"
"B_Fet_Wk12_AP23_CCATGTAATGGA","SkM"
"B_Fet_Wk12_AP23_CCATTACTCCGG","SkM"
"B_Fet_Wk12_AP23_CCCAAGTTGGTT","SkM"
"B_Fet_Wk12_AP23_CCCACTCATGCG","Teno"
"B_Fet_Wk12_AP23_CCCAGCAAATGC","SkM"
"B_Fet_Wk12_AP23_CCCAGCTACGAA","MSC"
"B_Fet_Wk12_AP23_CCCAGCTGTTTA","SkM"
"B_Fet_Wk12_AP23_CCCAGTGTTTTA","MSC"
"B_Fet_Wk12_AP23_CCCATAGGTCTT","Teno"
"B_Fet_Wk12_AP23_CCCATGCTTCTT","MSC"
"B_Fet_Wk12_AP23_CCCCTACGTCGG","SkM"
"B_Fet_Wk12_AP23_CCCGCCAGGATG","MSC"
"B_Fet_Wk12_AP23_CCCGCCATCTAA","MSC"
"B_Fet_Wk12_AP23_CCCGGCCATTTA","SkM"
"B_Fet_Wk12_AP23_CCCTCCGACCGA","SkM"
"B_Fet_Wk12_AP23_CCGAAAGATGAG","SMC"
"B_Fet_Wk12_AP23_CCGACATTGGTG","MSC"
"B_Fet_Wk12_AP23_CCGACCAGTTAC","MSC"
"B_Fet_Wk12_AP23_CCGATAGGTAAG","Teno"
"B_Fet_Wk12_AP23_CCGCGCCAGCTA","SkM"
"B_Fet_Wk12_AP23_CCGCGGTGGTAA","MSC"
"B_Fet_Wk12_AP23_CCGCTCGGGGGA","SkM"
"B_Fet_Wk12_AP23_CCGCTTTAGCCT","SkM"
"B_Fet_Wk12_AP23_CCGGAAACAGAC","MSC"
"B_Fet_Wk12_AP23_CCGGACGTCCAC","MSC"
"B_Fet_Wk12_AP23_CCGGCAGGGCCG","SkM"
"B_Fet_Wk12_AP23_CCGGCTAAAGCT","MSC"
"B_Fet_Wk12_AP23_CCGGGCGCGGGT","MSC"
"B_Fet_Wk12_AP23_CCGTAGACTAGA","Teno"
"B_Fet_Wk12_AP23_CCGTAGTACCAG","MSC"
"B_Fet_Wk12_AP23_CCGTGTGCACAG","MSC"
"B_Fet_Wk12_AP23_CCGTTCGCCGGG","Teno"
"B_Fet_Wk12_AP23_CCTACTCGACGG","SkM"
"B_Fet_Wk12_AP23_CCTACTTTAGGA","SkM"
"B_Fet_Wk12_AP23_CCTATGAGTCGG","SkM"
"B_Fet_Wk12_AP23_CCTCACGAAGAG","SkM"
"B_Fet_Wk12_AP23_CCTCCTCAATAG","SkM"
"B_Fet_Wk12_AP23_CCTGCCATTGGG","MSC"
"B_Fet_Wk12_AP23_CCTTCCGCCGCA","MSC"
"B_Fet_Wk12_AP23_CCTTGATAGCTG","SkM"
"B_Fet_Wk12_AP23_CCTTGCCGTGCG","MSC"
"B_Fet_Wk12_AP23_CCTTGGACGCCG","MSC"
"B_Fet_Wk12_AP23_CCTTGGTGGGCT","SkM"
"B_Fet_Wk12_AP23_CCTTTGTACTAC","SkM"
"B_Fet_Wk12_AP23_CGAAATCAAGAC","MSC"
"B_Fet_Wk12_AP23_CGAAGAGGCACA","MSC"
"B_Fet_Wk12_AP23_CGAAGTAGCGAG","MSC"
"B_Fet_Wk12_AP23_CGAAGTATTCCG","SkM"
"B_Fet_Wk12_AP23_CGAATCGGGGAC","MSC"
"B_Fet_Wk12_AP23_CGAATGTTGAAG","SkM"
"B_Fet_Wk12_AP23_CGACAGTATGAA","MSC"
"B_Fet_Wk12_AP23_CGACTGGCACAT","MSC"
"B_Fet_Wk12_AP23_CGAGAAGCAAGG","SkM"
"B_Fet_Wk12_AP23_CGAGCGAATTGG","MSC"
"B_Fet_Wk12_AP23_CGAGTATTCTGG","MSC"
"B_Fet_Wk12_AP23_CGAGTGAAAGTG","MSC"
"B_Fet_Wk12_AP23_CGATAGACGAGT","SkM"
"B_Fet_Wk12_AP23_CGATTTCTCCAG","SkM"
"B_Fet_Wk12_AP23_CGCAAGAGCTCC","Teno"
"B_Fet_Wk12_AP23_CGCAGCGGCAAC","MSC"
"B_Fet_Wk12_AP23_CGCATGCCGTGA","MSC"
"B_Fet_Wk12_AP23_CGCATTTAGAGG","SkM"
"B_Fet_Wk12_AP23_CGCCAGAGGATT","SkM"
"B_Fet_Wk12_AP23_CGCCCTTCCGAG","MSC"
"B_Fet_Wk12_AP23_CGCCGGCAGCGT","SkM"
"B_Fet_Wk12_AP23_CGCCTAACTCAT","MSC"
"B_Fet_Wk12_AP23_CGCGAATCCGAG","SkM"
"B_Fet_Wk12_AP23_CGCGAGATTTTC","MSC"
"B_Fet_Wk12_AP23_CGCGAGCTGGAT","Teno"
"B_Fet_Wk12_AP23_CGCGGCAACCTA","Teno"
"B_Fet_Wk12_AP23_CGCGTAGTGTGG","MSC"
"B_Fet_Wk12_AP23_CGCGTCGAGGCG","MSC"
"B_Fet_Wk12_AP23_CGCTACCAGGCA","Schwann"
"B_Fet_Wk12_AP23_CGCTGTTATTGG","SkM"
"B_Fet_Wk12_AP23_CGGAAGGACCAA","SkM"
"B_Fet_Wk12_AP23_CGGACCAACGTG","SkM"
"B_Fet_Wk12_AP23_CGGAGAAAGTTC","MSC"
"B_Fet_Wk12_AP23_CGGATTCAGAGT","MSC"
"B_Fet_Wk12_AP23_CGGCTATGGCGT","MSC"
"B_Fet_Wk12_AP23_CGGCTCGTGCGT","SkM"
"B_Fet_Wk12_AP23_CGGGCGCTATAT","Dermal"
"B_Fet_Wk12_AP23_CGGGGCAGTGGA","MSC"
"B_Fet_Wk12_AP23_CGGGTCATAATT","MSC"
"B_Fet_Wk12_AP23_CGGGTGATTGCT","MSC"
"B_Fet_Wk12_AP23_CGGGTGTCGAGC","MSC"
"B_Fet_Wk12_AP23_CGGTAGTGTGGA","MSC"
"B_Fet_Wk12_AP23_CGGTCGCACTAG","SkM"
"B_Fet_Wk12_AP23_CGGTCTAAGTCG","SkM"
"B_Fet_Wk12_AP23_CGGTGTACGTGC","MSC"
"B_Fet_Wk12_AP23_CGGTGTAGGACT","SkM"
"B_Fet_Wk12_AP23_CGGTGTGGTCGG","MSC"
"B_Fet_Wk12_AP23_CGGTGTTCTAAG","MSC"
"B_Fet_Wk12_AP23_CGGTTCTGGCTG","Teno"
"B_Fet_Wk12_AP23_CGTATCAAGGTG","SkM"
"B_Fet_Wk12_AP23_CGTATTGTTTCT","SkM"
"B_Fet_Wk12_AP23_CGTCAGAAATCG","SkM"
"B_Fet_Wk12_AP23_CGTCGAAAAGGG","MSC"
"B_Fet_Wk12_AP23_CGTCTCCACGCG","MSC"
"B_Fet_Wk12_AP23_CGTCTGTACGAT","MSC"
"B_Fet_Wk12_AP23_CGTGAGAGTTTA","SkM"
"B_Fet_Wk12_AP23_CGTGAGTCGCTC","MSC"
"B_Fet_Wk12_AP23_CGTGATGGGCAG","SkM"
"B_Fet_Wk12_AP23_CGTGCCCTGGAG","SkM"
"B_Fet_Wk12_AP23_CGTGGCCTTGTC","SkM"
"B_Fet_Wk12_AP23_CGTGTGGTTAAT","MSC"
"B_Fet_Wk12_AP23_CGTTACCTGAGG","SkM"
"B_Fet_Wk12_AP23_CGTTCACCGTTC","SkM"
"B_Fet_Wk12_AP23_CGTTCCACGTAC","MSC"
"B_Fet_Wk12_AP23_CGTTTCAGTTTT","SkM"
"B_Fet_Wk12_AP23_CGTTTCTGGTAA","SkM"
"B_Fet_Wk12_AP23_CGTTTTGGTATC","MSC"
"B_Fet_Wk12_AP23_CTAAAGCAGGGG","SkM"
"B_Fet_Wk12_AP23_CTAAGCTGCCTG","MSC"
"B_Fet_Wk12_AP23_CTAATCCCTGGT","MSC"
"B_Fet_Wk12_AP23_CTACTACACGCC","MSC"
"B_Fet_Wk12_AP23_CTAGGCTTTCAT","MSC"
"B_Fet_Wk12_AP23_CTATGGAGCTTG","MSC"
"B_Fet_Wk12_AP23_CTATTGACGTGG","SkM"
"B_Fet_Wk12_AP23_CTCAACGTATTG","MSC"
"B_Fet_Wk12_AP23_CTCAATGAAAGG","SkM"
"B_Fet_Wk12_AP23_CTCACTCTGCAG","MSC"
"B_Fet_Wk12_AP23_CTCAGCGGCAGA","Teno"
"B_Fet_Wk12_AP23_CTCAGGGGTGAG","SkM"
"B_Fet_Wk12_AP23_CTCAGTAAACCT","SkM"
"B_Fet_Wk12_AP23_CTCAGTGTAGGA","SkM"
"B_Fet_Wk12_AP23_CTCATATACCAA","Teno"
"B_Fet_Wk12_AP23_CTCATTGAGATT","SkM"
"B_Fet_Wk12_AP23_CTCGAACCGACT","MSC"
"B_Fet_Wk12_AP23_CTCGAGCCGCTG","Dermal"
"B_Fet_Wk12_AP23_CTCGCAGAGTCG","MSC"
"B_Fet_Wk12_AP23_CTCGCAGCGCGA","MSC"
"B_Fet_Wk12_AP23_CTCGTATATCGC","SkM"
"B_Fet_Wk12_AP23_CTCGTCATACGG","MSC"
"B_Fet_Wk12_AP23_CTCGTCTTTTCG","MSC"
"B_Fet_Wk12_AP23_CTCGTGTTGCAC","MSC"
"B_Fet_Wk12_AP23_CTCGTTACGCGG","Teno"
"B_Fet_Wk12_AP23_CTCGTTTAAGAT","Teno"
"B_Fet_Wk12_AP23_CTGAATATGGAG","MSC"
"B_Fet_Wk12_AP23_CTGAATCACTTA","SkM"
"B_Fet_Wk12_AP23_CTGAGCGCGGCA","MSC"
"B_Fet_Wk12_AP23_CTGATTATCTCC","Dermal"
"B_Fet_Wk12_AP23_CTGGAGAGGAAC","MSC"
"B_Fet_Wk12_AP23_CTGGGACAGTTG","SkM"
"B_Fet_Wk12_AP23_CTGTAACTTCCG","SkM"
"B_Fet_Wk12_AP23_CTGTACTACCTT","MSC"
"B_Fet_Wk12_AP23_CTGTAGCCCACG","MSC"
"B_Fet_Wk12_AP23_CTGTAGGGTCGC","SkM"
"B_Fet_Wk12_AP23_CTGTAGGTGAAC","MSC"
"B_Fet_Wk12_AP23_CTGTATGAGCGC","SkM"
"B_Fet_Wk12_AP23_CTGTTTAGCTAT","SkM"
"B_Fet_Wk12_AP23_CTGTTTTAGTTT","SkM"
"B_Fet_Wk12_AP23_CTTAAGAACGAT","SkM"
"B_Fet_Wk12_AP23_CTTACGACCCTC","SkM"
"B_Fet_Wk12_AP23_CTTATCCCACTG","MSC"
"B_Fet_Wk12_AP23_CTTCAAAGAAAT","SkM"
"B_Fet_Wk12_AP23_CTTCACCCTTAC","MSC"
"B_Fet_Wk12_AP23_CTTCAGCTTCTG","SkM"
"B_Fet_Wk12_AP23_CTTCAGGATTGG","MSC"
"B_Fet_Wk12_AP23_CTTCAGGGCCTG","Dermal"
"B_Fet_Wk12_AP23_CTTCATCCCCGG","MSC"
"B_Fet_Wk12_AP23_CTTCCGGATTAT","MSC"
"B_Fet_Wk12_AP23_CTTCGAACATCC","MSC"
"B_Fet_Wk12_AP23_CTTCGCTCGCGT","Teno"
"B_Fet_Wk12_AP23_CTTCGCTGCCGG","MSC"
"B_Fet_Wk12_AP23_CTTCGGTCGACC","MSC"
"B_Fet_Wk12_AP23_CTTCGTCAAAGG","SkM"
"B_Fet_Wk12_AP23_CTTCTACGTGTC","MSC"
"B_Fet_Wk12_AP23_CTTCTATGAACA","MSC"
"B_Fet_Wk12_AP23_CTTGCACGGTGT","MSC"
"B_Fet_Wk12_AP23_CTTGCGCGATTT","MSC"
"B_Fet_Wk12_AP23_CTTGCTACCCCG","Teno"
"B_Fet_Wk12_AP23_CTTGGCTGATGA","Teno"
"B_Fet_Wk12_AP23_CTTGGTTTAGGG","MSC"
"B_Fet_Wk12_AP23_CTTGTACTTTCC","MSC"
"B_Fet_Wk12_AP23_CTTGTAGAGTTG","Teno"
"B_Fet_Wk12_AP23_CTTGTGGAAGGG","SkM"
"B_Fet_Wk12_AP23_CTTTCCTCTAGT","SkM"
"B_Fet_Wk12_AP23_CTTTGGTTATCC","Dermal"
"B_Fet_Wk12_AP23_CTTTGTTTGGGA","MSC"
"B_Fet_Wk12_AP23_CTTTTACAGCGG","SkM"
"B_Fet_Wk12_AP23_CTTTTCTTGATT","MSC"
"B_Fet_Wk12_AP23_GAAAAGGTCCCT","MSC"
"B_Fet_Wk12_AP23_GAAAATCTTCAG","MSC"
"B_Fet_Wk12_AP23_GAAACTAATTTG","SkM"
"B_Fet_Wk12_AP23_GAAATCACCCAG","MSC"
"B_Fet_Wk12_AP23_GAAATGAGAGCA","MSC"
"B_Fet_Wk12_AP23_GAAATGAGTCGG","MSC"
"B_Fet_Wk12_AP23_GAAATTGAGTCG","MSC"
"B_Fet_Wk12_AP23_GAACATAAGATT","Teno"
"B_Fet_Wk12_AP23_GAACGCCGTAAC","SkM"
"B_Fet_Wk12_AP23_GAACGGTCTGCT","MSC"
"B_Fet_Wk12_AP23_GAACTAAATCTG","SkM"
"B_Fet_Wk12_AP23_GAACTCGTGTGG","MSC"
"B_Fet_Wk12_AP23_GAAGATCGGTTG","MSC"
"B_Fet_Wk12_AP23_GAAGGCAAAGCG","MSC"
"B_Fet_Wk12_AP23_GAAGTCTGTTGC","SkM"
"B_Fet_Wk12_AP23_GAATAGTCGTAT","SkM"
"B_Fet_Wk12_AP23_GAATCTTCGAGG","MSC"
"B_Fet_Wk12_AP23_GACAAACTAATT","MSC"
"B_Fet_Wk12_AP23_GACACACTCGGA","SkM"
"B_Fet_Wk12_AP23_GACACGAGCTGG","MSC"
"B_Fet_Wk12_AP23_GACACTGGCCTT","SkM"
"B_Fet_Wk12_AP23_GACCCTAAATTG","SkM"
"B_Fet_Wk12_AP23_GACCGCGCCTTT","SkM"
"B_Fet_Wk12_AP23_GACGCAGAAACT","SkM"
"B_Fet_Wk12_AP23_GACGCCTCTCAG","MSC"
"B_Fet_Wk12_AP23_GACGGGTCGGAG","MSC"
"B_Fet_Wk12_AP23_GACTGAGACTGG","MSC"
"B_Fet_Wk12_AP23_GACTTCCTACTC","SkM"
"B_Fet_Wk12_AP23_GAGAAGTGGTAA","SkM"
"B_Fet_Wk12_AP23_GAGCCATTGTTG","SkM"
"B_Fet_Wk12_AP23_GAGCCGAAGACT","MSC"
"B_Fet_Wk12_AP23_GAGCGCATCATC","MSC"
"B_Fet_Wk12_AP23_GAGCTACCGTGG","SkM"
"B_Fet_Wk12_AP23_GAGGAGGACGCG","Teno"
"B_Fet_Wk12_AP23_GAGGGTTACGAG","SkM"
"B_Fet_Wk12_AP23_GAGGTCTGTGTG","SkM"
"B_Fet_Wk12_AP23_GAGGTGACACGA","MSC"
"B_Fet_Wk12_AP23_GAGGTTGTTTGC","MSC"
"B_Fet_Wk12_AP23_GAGTATAGGATT","Teno"
"B_Fet_Wk12_AP23_GAGTATGGACAG","MSC"
"B_Fet_Wk12_AP23_GAGTGATCGGTA","SkM"
"B_Fet_Wk12_AP23_GAGTGTCTCCCG","SkM"
"B_Fet_Wk12_AP23_GAGTTATGAAAC","Teno"
"B_Fet_Wk12_AP23_GAGTTTAAGCCG","Teno"
"B_Fet_Wk12_AP23_GAGTTTAGTGCC","MSC"
"B_Fet_Wk12_AP23_GATATTCGTCCA","MSC"
"B_Fet_Wk12_AP23_GATATTTCCACC","SkM"
"B_Fet_Wk12_AP23_GATCCCGCCTTG","Teno"
"B_Fet_Wk12_AP23_GATGGTAATAGG","MSC"
"B_Fet_Wk12_AP23_GATGGTCTATAA","MSC"
"B_Fet_Wk12_AP23_GATGTCCCACTT","SkM"
"B_Fet_Wk12_AP23_GATGTTCCTTCC","Teno"
"B_Fet_Wk12_AP23_GATTAGGGCCCG","MSC"
"B_Fet_Wk12_AP23_GATTAGTTTATC","MSC"
"B_Fet_Wk12_AP23_GATTGCCCGGCC","MSC"
"B_Fet_Wk12_AP23_GATTGCCTAAGA","MSC"
"B_Fet_Wk12_AP23_GCAACGCAGTAT","SkM"
"B_Fet_Wk12_AP23_GCAAGCTACTTG","MSC"
"B_Fet_Wk12_AP23_GCAATCGCTTAT","Schwann"
"B_Fet_Wk12_AP23_GCACAATCTGTT","SkM"
"B_Fet_Wk12_AP23_GCACCTGCGAGC","SkM"
"B_Fet_Wk12_AP23_GCACGGTAGTTA","SkM"
"B_Fet_Wk12_AP23_GCACGTCGACCT","SkM"
"B_Fet_Wk12_AP23_GCACGTCTGGGC","MSC"
"B_Fet_Wk12_AP23_GCACTGGCTGGC","Dermal"
"B_Fet_Wk12_AP23_GCAGCAAGAAAG","Teno"
"B_Fet_Wk12_AP23_GCAGTGTAGCGC","MSC"
"B_Fet_Wk12_AP23_GCAGTTACCGCG","MSC"
"B_Fet_Wk12_AP23_GCATAGCGGTGT","MSC"
"B_Fet_Wk12_AP23_GCATCAGCCAGG","SkM"
"B_Fet_Wk12_AP23_GCCAGGACCTCC","MSC"
"B_Fet_Wk12_AP23_GCCATAAGTCCA","SkM"
"B_Fet_Wk12_AP23_GCCCAATTCGGC","MSC"
"B_Fet_Wk12_AP23_GCCCACAGTCCT","MSC"
"B_Fet_Wk12_AP23_GCCCCCTTGTCT","MSC"
"B_Fet_Wk12_AP23_GCCCCGAAACGG","SkM"
"B_Fet_Wk12_AP23_GCCCCGGCGGGC","MSC"
"B_Fet_Wk12_AP23_GCCGCGCAGTAC","Teno"
"B_Fet_Wk12_AP23_GCCGTCCCACCG","SkM"
"B_Fet_Wk12_AP23_GCCGTGGCGCCA","MSC"
"B_Fet_Wk12_AP23_GCCGTTGGGTCG","Teno"
"B_Fet_Wk12_AP23_GCCTCCCGCCCG","MSC"
"B_Fet_Wk12_AP23_GCCTTAACTTGC","MSC"
"B_Fet_Wk12_AP23_GCCTTCTCCTCG","MSC"
"B_Fet_Wk12_AP23_GCGAACTTGGAT","SkM"
"B_Fet_Wk12_AP23_GCGAAGGAAAGG","SMC"
"B_Fet_Wk12_AP23_GCGACGTGCTTA","SkM"
"B_Fet_Wk12_AP23_GCGACTATCCCG","MSC"
"B_Fet_Wk12_AP23_GCGACTTGTGAT","MSC"
"B_Fet_Wk12_AP23_GCGATGTGTTGC","MSC"
"B_Fet_Wk12_AP23_GCGCAACACAAC","SkM"
"B_Fet_Wk12_AP23_GCGCAATGCTTC","MSC"
"B_Fet_Wk12_AP23_GCGCCGCGACGG","MSC"
"B_Fet_Wk12_AP23_GCGCGGTTGGAA","MSC"
"B_Fet_Wk12_AP23_GCGCTCGGTCGT","MSC"
"B_Fet_Wk12_AP23_GCGGATCTAGAA","SMC"
"B_Fet_Wk12_AP23_GCGGCACGGACT","MSC"
"B_Fet_Wk12_AP23_GCGGTGAAAGGG","MSC"
"B_Fet_Wk12_AP23_GCGGTGGTTGTT","MSC"
"B_Fet_Wk12_AP23_GCGTCAGATTCC","MSC"
"B_Fet_Wk12_AP23_GCGTCTTTCCAG","MSC"
"B_Fet_Wk12_AP23_GCGTGAAAGTTC","SkM"
"B_Fet_Wk12_AP23_GCGTGATTATCG","Teno"
"B_Fet_Wk12_AP23_GCGTGCCACGGG","MSC"
"B_Fet_Wk12_AP23_GCGTGGTGCGCG","SkM"
"B_Fet_Wk12_AP23_GCGTGTGTGAGG","MSC"
"B_Fet_Wk12_AP23_GCGTTTCCTGGG","MSC"
"B_Fet_Wk12_AP23_GCTAAGTCGCAC","MSC"
"B_Fet_Wk12_AP23_GCTACCTTCCTT","MSC"
"B_Fet_Wk12_AP23_GCTACTTATAGG","MSC"
"B_Fet_Wk12_AP23_GCTCCTCTTTGT","MSC"
"B_Fet_Wk12_AP23_GCTCGAGGAGTA","SkM"
"B_Fet_Wk12_AP23_GCTCGGAACGAC","MSC"
"B_Fet_Wk12_AP23_GCTCGTTACTGT","MSC"
"B_Fet_Wk12_AP23_GCTGCTGGGAAG","MSC"
"B_Fet_Wk12_AP23_GCTGGGTATTCG","Schwann"
"B_Fet_Wk12_AP23_GCTGGTGCTCAG","MSC"
"B_Fet_Wk12_AP23_GCTGTCAACATC","SkM"
"B_Fet_Wk12_AP23_GCTGTTACATGG","MSC"
"B_Fet_Wk12_AP23_GCTTAGGGAAAG","SkM"
"B_Fet_Wk12_AP23_GCTTAGTACGGT","MSC"
"B_Fet_Wk12_AP23_GCTTCGATGGCT","Teno"
"B_Fet_Wk12_AP23_GCTTGCTCCCTT","SkM"
"B_Fet_Wk12_AP23_GCTTGGCAAGTT","Teno"
"B_Fet_Wk12_AP23_GCTTTCACCAAG","Teno"
"B_Fet_Wk12_AP23_GGAAAGGACGCG","MSC"
"B_Fet_Wk12_AP23_GGAAAGTACACT","MSC"
"B_Fet_Wk12_AP23_GGAACAGGGAAA","SkM"
"B_Fet_Wk12_AP23_GGAACCAGGAGG","SkM"
"B_Fet_Wk12_AP23_GGAACCTGCTGG","MSC"
"B_Fet_Wk12_AP23_GGAATATGATGG","SkM"
"B_Fet_Wk12_AP23_GGAATTGAGGTT","SkM"
"B_Fet_Wk12_AP23_GGACAATCTTTG","MSC"
"B_Fet_Wk12_AP23_GGACATCTACCT","SkM"
"B_Fet_Wk12_AP23_GGACCGAAAAGA","Teno"
"B_Fet_Wk12_AP23_GGACCTTGACAG","Teno"
"B_Fet_Wk12_AP23_GGACGGTGGTAG","SkM"
"B_Fet_Wk12_AP23_GGAGGAACGTCG","MSC"
"B_Fet_Wk12_AP23_GGAGGATTACGC","SkM"
"B_Fet_Wk12_AP23_GGAGGCAAGTTA","SkM"
"B_Fet_Wk12_AP23_GGAGGCCCAATT","MSC"
"B_Fet_Wk12_AP23_GGAGGTATAAAT","MSC"
"B_Fet_Wk12_AP23_GGAGTAATACGG","SkM"
"B_Fet_Wk12_AP23_GGAGTAATCAGA","SkM"
"B_Fet_Wk12_AP23_GGAGTAGCCCCT","MSC"
"B_Fet_Wk12_AP23_GGATCGTGTTCG","SkM"
"B_Fet_Wk12_AP23_GGATGAGAATCT","MSC"
"B_Fet_Wk12_AP23_GGATGATGAGGC","MSC"
"B_Fet_Wk12_AP23_GGATGTCGGACG","SkM"
"B_Fet_Wk12_AP23_GGCAAATCGTTG","MSC"
"B_Fet_Wk12_AP23_GGCAAGCCTGGG","SkM"
"B_Fet_Wk12_AP23_GGCAAGCTCTAA","MSC"
"B_Fet_Wk12_AP23_GGCAATCAGTCT","MSC"
"B_Fet_Wk12_AP23_GGCAATGTGAAG","SkM"
"B_Fet_Wk12_AP23_GGCAGCGACTCC","MSC"
"B_Fet_Wk12_AP23_GGCAGGGTTAAA","MSC"
"B_Fet_Wk12_AP23_GGCAGGTCTGTT","MSC"
"B_Fet_Wk12_AP23_GGCATTGACCCT","SkM"
"B_Fet_Wk12_AP23_GGCCGCTTAGTT","MSC"
"B_Fet_Wk12_AP23_GGCCGGAACTTG","SkM"
"B_Fet_Wk12_AP23_GGCGCGTTTGCA","Dermal"
"B_Fet_Wk12_AP23_GGCGGACCTCTC","MSC"
"B_Fet_Wk12_AP23_GGCGGACGTTTG","SkM"
"B_Fet_Wk12_AP23_GGCGGCGTGTTG","SkM"
"B_Fet_Wk12_AP23_GGCGTAACATTT","SkM"
"B_Fet_Wk12_AP23_GGCGTCCCATGG","Teno"
"B_Fet_Wk12_AP23_GGCGTCCGAGAG","SkM"
"B_Fet_Wk12_AP23_GGCGTCGATCCA","MSC"
"B_Fet_Wk12_AP23_GGCGTCGCGGCA","SkM"
"B_Fet_Wk12_AP23_GGCGTCGGGTCC","MSC"
"B_Fet_Wk12_AP23_GGCTATGTACGG","MSC"
"B_Fet_Wk12_AP23_GGCTCTCTCGGA","MSC"
"B_Fet_Wk12_AP23_GGCTTAGGTGTG","SkM"
"B_Fet_Wk12_AP23_GGCTTCTTTATT","MSC"
"B_Fet_Wk12_AP23_GGGACTGGAGTT","SkM"
"B_Fet_Wk12_AP23_GGGAGATACCGT","SkM"
"B_Fet_Wk12_AP23_GGGCCCTTCAAG","MSC"
"B_Fet_Wk12_AP23_GGGCGCTAATTG","MSC"
"B_Fet_Wk12_AP23_GGGGCCAATGTG","MSC"
"B_Fet_Wk12_AP23_GGGGCTTTGAGG","SkM"
"B_Fet_Wk12_AP23_GGGGGCCGTGAC","MSC"
"B_Fet_Wk12_AP23_GGGTGAGGTCCG","MSC"
"B_Fet_Wk12_AP23_GGGTTGACGTTG","MSC"
"B_Fet_Wk12_AP23_GGTACAACGGGT","MSC"
"B_Fet_Wk12_AP23_GGTACCAACTTA","Teno"
"B_Fet_Wk12_AP23_GGTCCCATCGTG","MSC"
"B_Fet_Wk12_AP23_GGTCCTGCACAC","MSC"
"B_Fet_Wk12_AP23_GGTCGAGATGGC","MSC"
"B_Fet_Wk12_AP23_GGTCGATTTTTG","MSC"
"B_Fet_Wk12_AP23_GGTCTCTGTTTG","MSC"
"B_Fet_Wk12_AP23_GGTCTTTACATG","SkM"
"B_Fet_Wk12_AP23_GGTGACAGCAGA","MSC"
"B_Fet_Wk12_AP23_GGTGATTACGCT","SkM"
"B_Fet_Wk12_AP23_GGTGCGGACAGT","MSC"
"B_Fet_Wk12_AP23_GGTGGCACACAT","MSC"
"B_Fet_Wk12_AP23_GGTGGTTAGACA","Dermal"
"B_Fet_Wk12_AP23_GGTGTGAGCCAC","MSC"
"B_Fet_Wk12_AP23_GGTGTTCCCCTT","MSC"
"B_Fet_Wk12_AP23_GGTGTTGGGAAT","MSC"
"B_Fet_Wk12_AP23_GGTTAGGAGACG","MSC"
"B_Fet_Wk12_AP23_GGTTAGGCGGGC","SMC"
"B_Fet_Wk12_AP23_GGTTCAAGTCAT","MSC"
"B_Fet_Wk12_AP23_GGTTGATTTCCT","MSC"
"B_Fet_Wk12_AP23_GGTTTCAGCGCC","MSC"
"B_Fet_Wk12_AP23_GGTTTCAGGCAA","SkM"
"B_Fet_Wk12_AP23_GGTTTTCCAATC","SkM"
"B_Fet_Wk12_AP23_GGTTTTGGACTG","SkM"
"B_Fet_Wk12_AP23_GTAAGAAGATAT","MSC"
"B_Fet_Wk12_AP23_GTAAGGAGGGTA","SkM"
"B_Fet_Wk12_AP23_GTACACCAATAT","MSC"
"B_Fet_Wk12_AP23_GTACCAGAACGG","MSC"
"B_Fet_Wk12_AP23_GTACCAGTTGAG","MSC"
"B_Fet_Wk12_AP23_GTACGCACCTAC","SkM"
"B_Fet_Wk12_AP23_GTAGAAGCAAGA","MSC"
"B_Fet_Wk12_AP23_GTAGTTCGTCAT","SkM"
"B_Fet_Wk12_AP23_GTATCAAGACAG","MSC"
"B_Fet_Wk12_AP23_GTCAAGAGCGTA","MSC"
"B_Fet_Wk12_AP23_GTCAAGGGACCG","MSC"
"B_Fet_Wk12_AP23_GTCACAACGATG","Dermal"
"B_Fet_Wk12_AP23_GTCACAGGGGCA","SkM"
"B_Fet_Wk12_AP23_GTCACCGCCACA","SkM"
"B_Fet_Wk12_AP23_GTCACTTAGCAA","MSC"
"B_Fet_Wk12_AP23_GTCCAAAGCCTT","SkM"
"B_Fet_Wk12_AP23_GTCCACGGCAGT","SkM"
"B_Fet_Wk12_AP23_GTCCAGGGCCGC","Dermal"
"B_Fet_Wk12_AP23_GTCCGAGATTCC","MSC"
"B_Fet_Wk12_AP23_GTCCGGTCGCTA","MSC"
"B_Fet_Wk12_AP23_GTCGATATGTTA","MSC"
"B_Fet_Wk12_AP23_GTCGATCATATG","MSC"
"B_Fet_Wk12_AP23_GTCGCTTGGTAT","Teno"
"B_Fet_Wk12_AP23_GTCGTCCTGGCC","SkM"
"B_Fet_Wk12_AP23_GTCGTCGATCGC","MSC"
"B_Fet_Wk12_AP23_GTCTCGGAGAGG","SkM"
"B_Fet_Wk12_AP23_GTCTTCCCCTCC","MSC"
"B_Fet_Wk12_AP23_GTGAAGTCGCCG","MSC"
"B_Fet_Wk12_AP23_GTGAAGTTAGCT","SkM"
"B_Fet_Wk12_AP23_GTGACCTTCCAA","MSC"
"B_Fet_Wk12_AP23_GTGAGTACCGCT","Teno"
"B_Fet_Wk12_AP23_GTGAGTAGTAAG","SkM"
"B_Fet_Wk12_AP23_GTGAGTATTGAC","SkM"
"B_Fet_Wk12_AP23_GTGAGTGTGCTA","MSC"
"B_Fet_Wk12_AP23_GTGCAGCTCAAG","SkM"
"B_Fet_Wk12_AP23_GTGCATGAGAGG","MSC"
"B_Fet_Wk12_AP23_GTGCCCAATGAG","MSC"
"B_Fet_Wk12_AP23_GTGCGTAGCCGC","SkM"
"B_Fet_Wk12_AP23_GTGCTGGTGTGG","MSC"
"B_Fet_Wk12_AP23_GTGTTAAATTTT","SkM"
"B_Fet_Wk12_AP23_GTGTTCCCGTCG","SkM"
"B_Fet_Wk12_AP23_GTGTTTGCAAGG","SkM"
"B_Fet_Wk12_AP23_GTTACATCCGCC","MSC"
"B_Fet_Wk12_AP23_GTTAGCCACGTC","SkM"
"B_Fet_Wk12_AP23_GTTCGCCCCACA","Teno"
"B_Fet_Wk12_AP23_GTTCGCGCAATC","SMC"
"B_Fet_Wk12_AP23_GTTCGTCGTGGA","MSC"
"B_Fet_Wk12_AP23_GTTGACATGCTT","MSC"
"B_Fet_Wk12_AP23_GTTGCCGAGGTG","MSC"
"B_Fet_Wk12_AP23_GTTGCCGCTGGG","MSC"
"B_Fet_Wk12_AP23_GTTGGTTAGCAA","Teno"
"B_Fet_Wk12_AP23_GTTGTCGAACAT","SkM"
"B_Fet_Wk12_AP23_GTTGTGCACACG","SkM"
"B_Fet_Wk12_AP23_GTTTAAAGTCTT","MSC"
"B_Fet_Wk12_AP23_GTTTATTCCAAG","SMC"
"B_Fet_Wk12_AP23_GTTTCTCGACTT","SkM"
"B_Fet_Wk12_AP23_GTTTGCGATCCG","MSC"
"B_Fet_Wk12_AP23_GTTTTAATACCC","SkM"
"B_Fet_Wk12_AP23_GTTTTCCATCCA","MSC"
"B_Fet_Wk12_AP23_GTTTTGTTCGGA","SkM"
"B_Fet_Wk12_AP23_TAAAAAGCGGTG","MSC"
"B_Fet_Wk12_AP23_TAAAGGAAGATG","SkM"
"B_Fet_Wk12_AP23_TAACGCGGGTAT","SkM"
"B_Fet_Wk12_AP23_TAACTTGATGAG","MSC"
"B_Fet_Wk12_AP23_TAAGACCCCGGG","MSC"
"B_Fet_Wk12_AP23_TAAGTCTTGGTG","MSC"
"B_Fet_Wk12_AP23_TAATACTCCGAA","MSC"
"B_Fet_Wk12_AP23_TAATGATCTCTC","MSC"
"B_Fet_Wk12_AP23_TAATTACGGGAG","SkM"
"B_Fet_Wk12_AP23_TACAAGTACGTG","SkM"
"B_Fet_Wk12_AP23_TACAGCGTGTGG","SkM"
"B_Fet_Wk12_AP23_TACAGGGCTTGG","SkM"
"B_Fet_Wk12_AP23_TACCGTCCCTTT","MSC"
"B_Fet_Wk12_AP23_TACGAAGTTATG","MSC"
"B_Fet_Wk12_AP23_TACGCAGGTTTC","SkM"
"B_Fet_Wk12_AP23_TAGAAAGAGAGG","SkM"
"B_Fet_Wk12_AP23_TAGACGAGATAT","SkM"
"B_Fet_Wk12_AP23_TAGAGACTCGTG","SkM"
"B_Fet_Wk12_AP23_TAGAGGAAACAT","MSC"
"B_Fet_Wk12_AP23_TAGAGGCAAGTT","MSC"
"B_Fet_Wk12_AP23_TAGATTGCAGAG","MSC"
"B_Fet_Wk12_AP23_TAGCAATCGGAG","MSC"
"B_Fet_Wk12_AP23_TAGCATAGACCC","MSC"
"B_Fet_Wk12_AP23_TAGCATAGAGGG","SkM"
"B_Fet_Wk12_AP23_TAGCATAGATTT","SkM"
"B_Fet_Wk12_AP23_TAGCATTCGATG","SkM"
"B_Fet_Wk12_AP23_TAGGCACCGTGG","MSC"
"B_Fet_Wk12_AP23_TAGGTCGGTAGA","MSC"
"B_Fet_Wk12_AP23_TAGGTTAACTAC","SkM"
"B_Fet_Wk12_AP23_TAGTCCATGAGG","SkM"
"B_Fet_Wk12_AP23_TAGTTAGGTTCT","MSC"
"B_Fet_Wk12_AP23_TAGTTCTGCTTC","MSC"
"B_Fet_Wk12_AP23_TAGTTGGTCGCC","SkM"
"B_Fet_Wk12_AP23_TATAATTCGCAA","SkM"
"B_Fet_Wk12_AP23_TATACTCTTGGG","Teno"
"B_Fet_Wk12_AP23_TATCAGGAGGAC","MSC"
"B_Fet_Wk12_AP23_TATCGAGAAGTG","SkM"
"B_Fet_Wk12_AP23_TATCGGCTTGTG","MSC"
"B_Fet_Wk12_AP23_TATCTACCGCAA","MSC"
"B_Fet_Wk12_AP23_TATCTCTCTCTT","SkM"
"B_Fet_Wk12_AP23_TATCTGTTGTAT","MSC"
"B_Fet_Wk12_AP23_TATTAGTTACTG","Teno"
"B_Fet_Wk12_AP23_TATTCGATGGTC","Dermal"
"B_Fet_Wk12_AP23_TATTGTGCAGAC","MSC"
"B_Fet_Wk12_AP23_TATTTCTGGCCA","MSC"
"B_Fet_Wk12_AP23_TATTTGGGCGGA","MSC"
"B_Fet_Wk12_AP23_TATTTTTAGGAA","SkM"
"B_Fet_Wk12_AP23_TCAAAGGAATGG","Teno"
"B_Fet_Wk12_AP23_TCAACAATCGGT","SkM"
"B_Fet_Wk12_AP23_TCAACTCTCTGT","SkM"
"B_Fet_Wk12_AP23_TCAACTTGGTGG","MSC"
"B_Fet_Wk12_AP23_TCAAGAACCTTA","SkM"
"B_Fet_Wk12_AP23_TCAATGCTAACC","Teno"
"B_Fet_Wk12_AP23_TCACGGAAACCA","MSC"
"B_Fet_Wk12_AP23_TCAGGCGGCCCG","SkM"
"B_Fet_Wk12_AP23_TCAGGGATCCGG","MSC"
"B_Fet_Wk12_AP23_TCATATGAGCAC","MSC"
"B_Fet_Wk12_AP23_TCATCTATGCAA","MSC"
"B_Fet_Wk12_AP23_TCATGCGCTAAT","MSC"
"B_Fet_Wk12_AP23_TCATGCTGCACT","SkM"
"B_Fet_Wk12_AP23_TCATGCTTCGGG","SkM"
"B_Fet_Wk12_AP23_TCATTCGAGTGA","MSC"
"B_Fet_Wk12_AP23_TCATTTACGACA","SkM"
"B_Fet_Wk12_AP23_TCCAACCTAGCG","MSC"
"B_Fet_Wk12_AP23_TCCACATCGCTG","SkM"
"B_Fet_Wk12_AP23_TCCACGGTTGAC","MSC"
"B_Fet_Wk12_AP23_TCCACTGGCCGA","SkM"
"B_Fet_Wk12_AP23_TCCAGAGTGTAG","Dermal"
"B_Fet_Wk12_AP23_TCCATATTTGTT","SkM"
"B_Fet_Wk12_AP23_TCCCCCCGGCCG","MSC"
"B_Fet_Wk12_AP23_TCCCTCGCAAAT","SkM"
"B_Fet_Wk12_AP23_TCCGAGTGGGGG","SkM"
"B_Fet_Wk12_AP23_TCCGGAACTGGG","MSC"
"B_Fet_Wk12_AP23_TCCGGACCAGCA","MSC"
"B_Fet_Wk12_AP23_TCCGGTCAAGCG","SkM"
"B_Fet_Wk12_AP23_TCCGTGTGCAAT","SkM"
"B_Fet_Wk12_AP23_TCCTGTCACAAA","SkM"
"B_Fet_Wk12_AP23_TCCTTGCCTGGG","SkM"
"B_Fet_Wk12_AP23_TCCTTGTCGTTG","Teno"
"B_Fet_Wk12_AP23_TCCTTGTTGGCT","SkM"
"B_Fet_Wk12_AP23_TCGAAGCCGCGC","Dermal"
"B_Fet_Wk12_AP23_TCGAAGGCGACC","MSC"
"B_Fet_Wk12_AP23_TCGAAGTGCCGA","SkM"
"B_Fet_Wk12_AP23_TCGACATCTAGT","SkM"
"B_Fet_Wk12_AP23_TCGCCAATGTCA","MSC"
"B_Fet_Wk12_AP23_TCGCCTGACAGT","SkM"
"B_Fet_Wk12_AP23_TCGGAATTCTCG","MSC"
"B_Fet_Wk12_AP23_TCGGGACAGTCT","MSC"
"B_Fet_Wk12_AP23_TCGTTAATAGAT","MSC"
"B_Fet_Wk12_AP23_TCGTTGTAAACC","SkM"
"B_Fet_Wk12_AP23_TCTATCCCGACT","MSC"
"B_Fet_Wk12_AP23_TCTATGCATGGT","Teno"
"B_Fet_Wk12_AP23_TCTCACGTGCCG","Teno"
"B_Fet_Wk12_AP23_TCTCCCGCGTCC","MSC"
"B_Fet_Wk12_AP23_TCTCGGGTGCGG","MSC"
"B_Fet_Wk12_AP23_TCTCTCAGTTGG","Teno"
"B_Fet_Wk12_AP23_TCTGTTACACCG","Teno"
"B_Fet_Wk12_AP23_TCTTGCACAACA","MSC"
"B_Fet_Wk12_AP23_TGAAAATGGGAG","MSC"
"B_Fet_Wk12_AP23_TGAAACCAGTCA","MSC"
"B_Fet_Wk12_AP23_TGAAAGCTATAG","SkM"
"B_Fet_Wk12_AP23_TGAAGTAGCGGT","MSC"
"B_Fet_Wk12_AP23_TGAATAGGACAG","SkM"
"B_Fet_Wk12_AP23_TGACAATCGGCT","SkM"
"B_Fet_Wk12_AP23_TGACGAGGATGG","MSC"
"B_Fet_Wk12_AP23_TGACGCTATAAC","Teno"
"B_Fet_Wk12_AP23_TGAGAACGAACC","MSC"
"B_Fet_Wk12_AP23_TGAGACGTAGAA","MSC"
"B_Fet_Wk12_AP23_TGAGCGGCTTTG","MSC"
"B_Fet_Wk12_AP23_TGAGGAACCGTG","SkM"
"B_Fet_Wk12_AP23_TGAGGGGGCTGA","Dermal"
"B_Fet_Wk12_AP23_TGAGTCGCTAGT","MSC"
"B_Fet_Wk12_AP23_TGAGTTCTTCAT","SkM"
"B_Fet_Wk12_AP23_TGATAGCCGGAG","MSC"
"B_Fet_Wk12_AP23_TGATCTTGCTCT","MSC"
"B_Fet_Wk12_AP23_TGCACAGTAAAG","MSC"
"B_Fet_Wk12_AP23_TGCAGAATCAGT","SkM"
"B_Fet_Wk12_AP23_TGCAGATGTTAT","MSC"
"B_Fet_Wk12_AP23_TGCATGAACGTA","MSC"
"B_Fet_Wk12_AP23_TGCATTTCGTTC","MSC"
"B_Fet_Wk12_AP23_TGCCATTCCCCG","MSC"
"B_Fet_Wk12_AP23_TGCCCCCTACCT","SkM"
"B_Fet_Wk12_AP23_TGCCTACGGAAT","MSC"
"B_Fet_Wk12_AP23_TGCCTCCCCTAT","MSC"
"B_Fet_Wk12_AP23_TGCCTGTGAAGG","Teno"
"B_Fet_Wk12_AP23_TGCCTTACATAC","SkM"
"B_Fet_Wk12_AP23_TGCGCCTCGCGT","MSC"
"B_Fet_Wk12_AP23_TGCGCCTCGTTC","Teno"
"B_Fet_Wk12_AP23_TGCGCTCGCGTC","MSC"
"B_Fet_Wk12_AP23_TGCGCTGCGGAG","SkM"
"B_Fet_Wk12_AP23_TGCGGCCAGGGA","MSC"
"B_Fet_Wk12_AP23_TGCTAGAGGGCA","MSC"
"B_Fet_Wk12_AP23_TGCTATTATTCG","MSC"
"B_Fet_Wk12_AP23_TGCTCTTGCATC","MSC"
"B_Fet_Wk12_AP23_TGCTTCGGTTGT","MSC"
"B_Fet_Wk12_AP23_TGCTTCGTGAAT","SkM"
"B_Fet_Wk12_AP23_TGGAGGTCATAG","SkM"
"B_Fet_Wk12_AP23_TGGAGTTAACCG","MSC"
"B_Fet_Wk12_AP23_TGGATGTCAGTA","SkM"
"B_Fet_Wk12_AP23_TGGCACGCTTAA","MSC"
"B_Fet_Wk12_AP23_TGGCCAAAGCAA","Dermal"
"B_Fet_Wk12_AP23_TGGCCAGGCGTG","MSC"
"B_Fet_Wk12_AP23_TGGCGGGCAGTT","Dermal"
"B_Fet_Wk12_AP23_TGGCGGTACATA","Dermal"
"B_Fet_Wk12_AP23_TGGCGTTCGCTG","SkM"
"B_Fet_Wk12_AP23_TGGCTAGCAAAA","Teno"
"B_Fet_Wk12_AP23_TGGCTGGATCAC","SMC"
"B_Fet_Wk12_AP23_TGGGGACGAGCG","MSC"
"B_Fet_Wk12_AP23_TGGGTGTATTAT","MSC"
"B_Fet_Wk12_AP23_TGGTAGTCACAG","Dermal"
"B_Fet_Wk12_AP23_TGGTGAGGTCAC","SkM"
"B_Fet_Wk12_AP23_TGGTTACCTGGG","SkM"
"B_Fet_Wk12_AP23_TGTAACCTCGTG","MSC"
"B_Fet_Wk12_AP23_TGTCACAGGGTC","SkM"
"B_Fet_Wk12_AP23_TGTCACTGGCTG","Dermal"
"B_Fet_Wk12_AP23_TGTCAGTTACAT","SkM"
"B_Fet_Wk12_AP23_TGTCCAAGACCT","SkM"
"B_Fet_Wk12_AP23_TGTCCAGTATAT","MSC"
"B_Fet_Wk12_AP23_TGTCCGAGACAC","MSC"
"B_Fet_Wk12_AP23_TGTCTAGGTCCG","MSC"
"B_Fet_Wk12_AP23_TGTCTCAGCTCC","MSC"
"B_Fet_Wk12_AP23_TGTCTCTCATGA","SkM"
"B_Fet_Wk12_AP23_TGTCTCTGGTGG","MSC"
"B_Fet_Wk12_AP23_TGTGAACTGAGA","SkM"
"B_Fet_Wk12_AP23_TGTGGCCAAACC","MSC"
"B_Fet_Wk12_AP23_TGTGGCTCGGGC","SkM"
"B_Fet_Wk12_AP23_TGTGGGGCGGAG","SkM"
"B_Fet_Wk12_AP23_TGTGGTGGCACA","SkM"
"B_Fet_Wk12_AP23_TGTGTAGTGCAC","Teno"
"B_Fet_Wk12_AP23_TGTTGCGAGGAG","MSC"
"B_Fet_Wk12_AP23_TGTTGCGCCGCG","SkM"
"B_Fet_Wk12_AP23_TGTTTGAGGGGT","SkM"
"B_Fet_Wk12_AP23_TGTTTGCAAGGG","SkM"
"B_Fet_Wk12_AP23_TTAAAGCAGGCC","Teno"
"B_Fet_Wk12_AP23_TTAAAGGAACAC","Dermal"
"B_Fet_Wk12_AP23_TTACAGCTCCCC","SkM"
"B_Fet_Wk12_AP23_TTAGAGGAAGGT","Teno"
"B_Fet_Wk12_AP23_TTAGGCTGTGTG","MSC"
"B_Fet_Wk12_AP23_TTAGTGAATAGG","MSC"
"B_Fet_Wk12_AP23_TTAGTTCGCGCC","SkM"
"B_Fet_Wk12_AP23_TTCAAGCCCAAT","Teno"
"B_Fet_Wk12_AP23_TTCACAAGGTCT","SkM"
"B_Fet_Wk12_AP23_TTCACCGCAAGG","MSC"
"B_Fet_Wk12_AP23_TTCAGTAATGAA","SkM"
"B_Fet_Wk12_AP23_TTCATCGCCGAG","MSC"
"B_Fet_Wk12_AP23_TTCCAGGCATGG","MSC"
"B_Fet_Wk12_AP23_TTCCCGACGTTT","MSC"
"B_Fet_Wk12_AP23_TTCCGTGTGCCT","MSC"
"B_Fet_Wk12_AP23_TTCCTCGCCCGC","MSC"
"B_Fet_Wk12_AP23_TTCCTGCTCGAC","MSC"
"B_Fet_Wk12_AP23_TTCGACCATCTT","SkM"
"B_Fet_Wk12_AP23_TTCGGCGCTTCA","MSC"
"B_Fet_Wk12_AP23_TTCTAACATTGC","MSC"
"B_Fet_Wk12_AP23_TTCTCTCATACG","MSC"
"B_Fet_Wk12_AP23_TTCTTACTAAAG","MSC"
"B_Fet_Wk12_AP23_TTGAAGGATTAG","MSC"
"B_Fet_Wk12_AP23_TTGACGGGCGTC","Dermal"
"B_Fet_Wk12_AP23_TTGAGTTATGGG","SMC"
"B_Fet_Wk12_AP23_TTGCCACAACTT","SkM"
"B_Fet_Wk12_AP23_TTGCCGCGAACG","SkM"
"B_Fet_Wk12_AP23_TTGCGCTAAGAG","SkM"
"B_Fet_Wk12_AP23_TTGCTCTAGGAA","SkM"
"B_Fet_Wk12_AP23_TTGGTATAACGG","MSC"
"B_Fet_Wk12_AP23_TTGGTTGTGGCC","Teno"
"B_Fet_Wk12_AP23_TTGTCAATCGCA","Dermal"
"B_Fet_Wk12_AP23_TTGTCACTTGAC","MSC"
"B_Fet_Wk12_AP23_TTGTCGTACATT","MSC"
"B_Fet_Wk12_AP23_TTGTGATGTTGG","MSC"
"B_Fet_Wk12_AP23_TTGTGCGGCTCG","MSC"
"B_Fet_Wk12_AP23_TTGTTTGCACTA","MSC"
"B_Fet_Wk12_AP23_TTTCAAACGGTT","SkM"
"B_Fet_Wk12_AP23_TTTCAATGCGAT","SkM"
"B_Fet_Wk12_AP23_TTTCGTTTCCTC","MSC"
"B_Fet_Wk12_AP23_TTTGACTGGAAG","SkM"
"B_Fet_Wk12_AP23_TTTGGGACGTAG","SkM"
"B_Fet_Wk12_AP23_TTTGTCTAGGCT","SkM"
"B_Fet_Wk12_AP23_TTTGTGAGATGT","SkM"
"B_Fet_Wk12_AP23_TTTGTTGATAAC","MSC"
"B_Fet_Wk12_AP23_TTTTAAGTCTAA","MSC"
"B_Fet_Wk12_AP23_TTTTCGCATTGA","SkM"
"B_Fet_Wk12_AP23_TTTTCGTGCGGA","SkM"
"B_Fet_Wk12_AP23_TTTTCTTGTCTT","MSC"
"B_Fet_Wk12_AP23_TTTTTGCGTGTT","MSC"
"B_Fet_Wk14_AP25_AAAAATCCAGCA","Teno"
"B_Fet_Wk14_AP25_AAAAGGTAACAT","SkM"
"B_Fet_Wk14_AP25_AAAATTCTGGGA","MSC"
"B_Fet_Wk14_AP25_AAACAGTATCGG","MSC"
"B_Fet_Wk14_AP25_AAACGGCCTCCT","MSC"
"B_Fet_Wk14_AP25_AAACGTCAACTA","MSC"
"B_Fet_Wk14_AP25_AAAGACTACCGT","MSC"
"B_Fet_Wk14_AP25_AAAGCGTCATTT","MSC"
"B_Fet_Wk14_AP25_AAAGTTAGCTCA","SkM"
"B_Fet_Wk14_AP25_AAAGTTGCTGGT","MSC"
"B_Fet_Wk14_AP25_AACACGGTCAGA","MSC"
"B_Fet_Wk14_AP25_AACAGGGTCCGT","MSC"
"B_Fet_Wk14_AP25_AAGCAGGAGTCG","SkM"
"B_Fet_Wk14_AP25_AAGCCAGCCAGT","MSC"
"B_Fet_Wk14_AP25_AAGCGCAACTCG","SkM"
"B_Fet_Wk14_AP25_AAGCGCTTGCTC","MSC"
"B_Fet_Wk14_AP25_AAGCTTTTTGAT","MSC"
"B_Fet_Wk14_AP25_AAGGAACTCGCA","SkM"
"B_Fet_Wk14_AP25_AAGGCTACGGTA","MSC"
"B_Fet_Wk14_AP25_AAGGTCTCCGCG","MSC"
"B_Fet_Wk14_AP25_AAGGTGTCGTTG","MSC"
"B_Fet_Wk14_AP25_AAGTCGAGAACC","MSC"
"B_Fet_Wk14_AP25_AATCAATCTGAG","MSC"
"B_Fet_Wk14_AP25_AATCACCAAGGC","MSC"
"B_Fet_Wk14_AP25_AATCAGGTCTGG","SkM"
"B_Fet_Wk14_AP25_AATCGATCGTCT","SkM"
"B_Fet_Wk14_AP25_AATGACAAGTTG","MSC"
"B_Fet_Wk14_AP25_AATGCATGGAAG","Teno"
"B_Fet_Wk14_AP25_AATTAAACACAC","Teno"
"B_Fet_Wk14_AP25_AATTCACCAGTA","SkM"
"B_Fet_Wk14_AP25_AATTCCTCCGAT","SMC"
"B_Fet_Wk14_AP25_ACAAAGCCGGTC","SkM"
"B_Fet_Wk14_AP25_ACACGCATCCAT","Teno"
"B_Fet_Wk14_AP25_ACACTATGAGTC","SkM"
"B_Fet_Wk14_AP25_ACAGTTGTCCGT","SkM"
"B_Fet_Wk14_AP25_ACCACAAGTAAT","MSC"
"B_Fet_Wk14_AP25_ACCACGCAAGGC","MSC"
"B_Fet_Wk14_AP25_ACCAGGCATTCC","MSC"
"B_Fet_Wk14_AP25_ACCGCGCACGGG","MSC"
"B_Fet_Wk14_AP25_ACCGGAAACTTA","MSC"
"B_Fet_Wk14_AP25_ACCTCGCTCAAT","SkM"
"B_Fet_Wk14_AP25_ACCTGTCTCGTT","MSC"
"B_Fet_Wk14_AP25_ACCTTACGTGGG","MSC"
"B_Fet_Wk14_AP25_ACGAATCGACTG","SkM"
"B_Fet_Wk14_AP25_ACGATCAGAGTC","SkM"
"B_Fet_Wk14_AP25_ACGCAGTTAACA","MSC"
"B_Fet_Wk14_AP25_ACGCCTGCGACG","MSC"
"B_Fet_Wk14_AP25_ACGGCCGAAAAG","MSC"
"B_Fet_Wk14_AP25_ACGTCTGGCGCT","SkM"
"B_Fet_Wk14_AP25_ACGTCTGTTGGG","SkM"
"B_Fet_Wk14_AP25_ACGTTAGGATAT","MSC"
"B_Fet_Wk14_AP25_ACGTTTTAGGAG","SkM"
"B_Fet_Wk14_AP25_ACTACATTTGTG","SkM"
"B_Fet_Wk14_AP25_ACTACGCATAAC","MSC"
"B_Fet_Wk14_AP25_ACTATGACCGGG","MSC"
"B_Fet_Wk14_AP25_ACTGAAAGTTGA","SkM"
"B_Fet_Wk14_AP25_ACTGGATTATTG","MSC"
"B_Fet_Wk14_AP25_ACTGGCCGCGAT","MSC"
"B_Fet_Wk14_AP25_ACTTCGTAATGT","SkM"
"B_Fet_Wk14_AP25_ACTTTATATGTC","SkM"
"B_Fet_Wk14_AP25_AGACAAGGAAGA","SkM"
"B_Fet_Wk14_AP25_AGACGCCTTATT","Teno"
"B_Fet_Wk14_AP25_AGAGAAAGATTG","MSC"
"B_Fet_Wk14_AP25_AGAGAGGCTAAT","MSC"
"B_Fet_Wk14_AP25_AGAGGTCAAGCG","SkM"
"B_Fet_Wk14_AP25_AGAGTCACCTCG","MSC"
"B_Fet_Wk14_AP25_AGATGCTGCCCC","MSC"
"B_Fet_Wk14_AP25_AGATTCGCGCTG","MSC"
"B_Fet_Wk14_AP25_AGCACACGTGAC","SkM"
"B_Fet_Wk14_AP25_AGCAGCTTTGAC","SkM"
"B_Fet_Wk14_AP25_AGCAGTTTCGTC","SkM"
"B_Fet_Wk14_AP25_AGCCAATCCCCG","SkM"
"B_Fet_Wk14_AP25_AGCCCACCTTAT","SkM"
"B_Fet_Wk14_AP25_AGCCCGTTTACG","MSC"
"B_Fet_Wk14_AP25_AGCGCCATTGCG","MSC"
"B_Fet_Wk14_AP25_AGCGGAGTGTGC","MSC"
"B_Fet_Wk14_AP25_AGCGTCATCACC","MSC"
"B_Fet_Wk14_AP25_AGCGTCTTCCGC","MSC"
"B_Fet_Wk14_AP25_AGCTCATAGATT","SkM"
"B_Fet_Wk14_AP25_AGGACCGAGATG","MSC"
"B_Fet_Wk14_AP25_AGGATGGTGACG","SkM"
"B_Fet_Wk14_AP25_AGGATGTGATTG","MSC"
"B_Fet_Wk14_AP25_AGGCAATTCACC","SkM"
"B_Fet_Wk14_AP25_AGGCCTTATCTG","SkM"
"B_Fet_Wk14_AP25_AGGCGAGCCAGG","MSC"
"B_Fet_Wk14_AP25_AGGCGCCTGACG","Teno"
"B_Fet_Wk14_AP25_AGGGCCAGTAGG","MSC"
"B_Fet_Wk14_AP25_AGGGTCGAAATC","SkM"
"B_Fet_Wk14_AP25_AGGTCAATCGAA","MSC"
"B_Fet_Wk14_AP25_AGGTTAGTCATG","MSC"
"B_Fet_Wk14_AP25_AGGTTGGACGAG","MSC"
"B_Fet_Wk14_AP25_AGTCAGACAATC","SkM"
"B_Fet_Wk14_AP25_AGTCAGGTTGTG","SkM"
"B_Fet_Wk14_AP25_AGTGAGGCTTGA","MSC"
"B_Fet_Wk14_AP25_AGTGCGTATGAC","MSC"
"B_Fet_Wk14_AP25_AGTGGAACTTTC","SMC"
"B_Fet_Wk14_AP25_AGTGGTTTATCA","Schwann"
"B_Fet_Wk14_AP25_AGTGTGCTGGTT","MSC"
"B_Fet_Wk14_AP25_AGTGTTGGTCTT","MSC"
"B_Fet_Wk14_AP25_AGTTCGCCCCTC","MSC"
"B_Fet_Wk14_AP25_AGTTTAATGGCG","SkM"
"B_Fet_Wk14_AP25_AGTTTTGCCTGT","MSC"
"B_Fet_Wk14_AP25_ATACTCACCACC","MSC"
"B_Fet_Wk14_AP25_ATACTCGAACCT","MSC"
"B_Fet_Wk14_AP25_ATACTCTATCCG","SkM"
"B_Fet_Wk14_AP25_ATACTGTAGGCT","SkM"
"B_Fet_Wk14_AP25_ATAGCCCCCTAC","SkM"
"B_Fet_Wk14_AP25_ATAGGACCAGAC","MSC"
"B_Fet_Wk14_AP25_ATAGTTGCATAA","MSC"
"B_Fet_Wk14_AP25_ATATAAACGGTT","MSC"
"B_Fet_Wk14_AP25_ATATAGCCCGAC","SkM"
"B_Fet_Wk14_AP25_ATATCTCAATCC","MSC"
"B_Fet_Wk14_AP25_ATCAGTCGTCCT","MSC"
"B_Fet_Wk14_AP25_ATCGCTCGAGAA","SkM"
"B_Fet_Wk14_AP25_ATCGTGACATCG","MSC"
"B_Fet_Wk14_AP25_ATGAAGTAGACG","MSC"
"B_Fet_Wk14_AP25_ATGACTACTTTT","SkM"
"B_Fet_Wk14_AP25_ATGAGTGGTTAC","SkM"
"B_Fet_Wk14_AP25_ATGATCGGACCT","MSC"
"B_Fet_Wk14_AP25_ATGATGAGTCTT","MSC"
"B_Fet_Wk14_AP25_ATGCCAGAGCAG","SkM"
"B_Fet_Wk14_AP25_ATGTCAAGCGAT","MSC"
"B_Fet_Wk14_AP25_ATGTTGACATGT","SkM"
"B_Fet_Wk14_AP25_ATGTTGGTGTGG","SkM"
"B_Fet_Wk14_AP25_ATTAGGCGAGCA","SkM"
"B_Fet_Wk14_AP25_ATTCACCATATC","Dermal"
"B_Fet_Wk14_AP25_ATTCGAATTCCG","MSC"
"B_Fet_Wk14_AP25_ATTCGCGGAGGA","Teno"
"B_Fet_Wk14_AP25_ATTGACGAGCCT","SkM"
"B_Fet_Wk14_AP25_ATTGGCCCCTGG","MSC"
"B_Fet_Wk14_AP25_ATTGTGAGAGTT","MSC"
"B_Fet_Wk14_AP25_ATTTCCTGGCAT","Teno"
"B_Fet_Wk14_AP25_CAAAGCATGAGA","MSC"
"B_Fet_Wk14_AP25_CAAAGTCGCGAT","MSC"
"B_Fet_Wk14_AP25_CAAATGCCACTG","MSC"
"B_Fet_Wk14_AP25_CAACCGCACCCT","MSC"
"B_Fet_Wk14_AP25_CAAGACAGTTAG","MSC"
"B_Fet_Wk14_AP25_CAAGCTCTAATA","SkM"
"B_Fet_Wk14_AP25_CACAAAGCGGAA","SkM"
"B_Fet_Wk14_AP25_CACATCGATGAG","SkM"
"B_Fet_Wk14_AP25_CACCACAGGCAT","SkM"
"B_Fet_Wk14_AP25_CACGTGCGTCCT","SkM"
"B_Fet_Wk14_AP25_CACTCGCTCGGT","Teno"
"B_Fet_Wk14_AP25_CACTTACAGTCG","MSC"
"B_Fet_Wk14_AP25_CACTTATGGTAG","SkM"
"B_Fet_Wk14_AP25_CACTTTGACCGG","SkM"
"B_Fet_Wk14_AP25_CAGCAGATGCCC","MSC"
"B_Fet_Wk14_AP25_CAGCCAGGAACA","MSC"
"B_Fet_Wk14_AP25_CAGCGGTCTTAG","MSC"
"B_Fet_Wk14_AP25_CAGCGTCGGACG","SkM"
"B_Fet_Wk14_AP25_CAGCTTCAACAG","SkM"
"B_Fet_Wk14_AP25_CAGGAAGCTTCT","Teno"
"B_Fet_Wk14_AP25_CAGGCACTTTGT","MSC"
"B_Fet_Wk14_AP25_CAGGGACTAGAA","SkM"
"B_Fet_Wk14_AP25_CAGTACCAGGTG","MSC"
"B_Fet_Wk14_AP25_CAGTACTCGCCG","SkM"
"B_Fet_Wk14_AP25_CAGTGGTGGCAC","MSC"
"B_Fet_Wk14_AP25_CAGTTTGAGGTG","SkM"
"B_Fet_Wk14_AP25_CATCCCTCCTTT","SkM"
"B_Fet_Wk14_AP25_CATCGTGGTCGG","MSC"
"B_Fet_Wk14_AP25_CATGTCCAAGGC","SkM"
"B_Fet_Wk14_AP25_CATTCTACCCCA","SkM"
"B_Fet_Wk14_AP25_CCAAACCGCGAT","MSC"
"B_Fet_Wk14_AP25_CCAAATCCGAGC","MSC"
"B_Fet_Wk14_AP25_CCAAGTTCGTGC","SkM"
"B_Fet_Wk14_AP25_CCAATCTTAACT","SkM"
"B_Fet_Wk14_AP25_CCAATTCCGTTG","MSC"
"B_Fet_Wk14_AP25_CCACACGCAGGA","MSC"
"B_Fet_Wk14_AP25_CCACAGTCGCGG","MSC"
"B_Fet_Wk14_AP25_CCACTGAGGTTT","MSC"
"B_Fet_Wk14_AP25_CCACTGTAGGTT","MSC"
"B_Fet_Wk14_AP25_CCAGATACGGTG","SkM"
"B_Fet_Wk14_AP25_CCAGGCTTAGCT","MSC"
"B_Fet_Wk14_AP25_CCAGTGCGTGTC","MSC"
"B_Fet_Wk14_AP25_CCAGTGTGAAGA","MSC"
"B_Fet_Wk14_AP25_CCATCGAGTCAG","MSC"
"B_Fet_Wk14_AP25_CCATCGAGTGGT","MSC"
"B_Fet_Wk14_AP25_CCATCGTGGGCC","MSC"
"B_Fet_Wk14_AP25_CCATCTAACCGA","SkM"
"B_Fet_Wk14_AP25_CCCAACCGGTGG","MSC"
"B_Fet_Wk14_AP25_CCCACAAGATGA","MSC"
"B_Fet_Wk14_AP25_CCCAGCCTGATT","SkM"
"B_Fet_Wk14_AP25_CCCCAGCTATCT","MSC"
"B_Fet_Wk14_AP25_CCCCAGCTCCCG","SkM"
"B_Fet_Wk14_AP25_CCCCCTGTGCGT","SkM"
"B_Fet_Wk14_AP25_CCCCGTAGGTAA","MSC"
"B_Fet_Wk14_AP25_CCCCTGAAGTAG","MSC"
"B_Fet_Wk14_AP25_CCCGATCATGGC","SkM"
"B_Fet_Wk14_AP25_CCCGCGTGTCCG","MSC"
"B_Fet_Wk14_AP25_CCCGGTTATAGT","SkM"
"B_Fet_Wk14_AP25_CCCTACCCGCTG","MSC"
"B_Fet_Wk14_AP25_CCCTCAAGGCTA","MSC"
"B_Fet_Wk14_AP25_CCCTGTCGAGGG","MSC"
"B_Fet_Wk14_AP25_CCCTTAGCCCAA","MSC"
"B_Fet_Wk14_AP25_CCGAATTGCGGA","SkM"
"B_Fet_Wk14_AP25_CCGAGAGTCTGA","SkM"
"B_Fet_Wk14_AP25_CCGCAAGCTACC","MSC"
"B_Fet_Wk14_AP25_CCGCAGGTTGCC","SkM"
"B_Fet_Wk14_AP25_CCGCCGAGTAGG","MSC"
"B_Fet_Wk14_AP25_CCGCGTGTGGAG","MSC"
"B_Fet_Wk14_AP25_CCGCTGGCGGGC","MSC"
"B_Fet_Wk14_AP25_CCGGGCATACCG","SkM"
"B_Fet_Wk14_AP25_CCGGTTGTGCCG","Teno"
"B_Fet_Wk14_AP25_CCGTCTAGAAAG","MSC"
"B_Fet_Wk14_AP25_CCGTGGACAGAA","MSC"
"B_Fet_Wk14_AP25_CCTAAACGAGCG","MSC"
"B_Fet_Wk14_AP25_CCTACCGACGCT","SkM"
"B_Fet_Wk14_AP25_CCTACGATCCCT","SkM"
"B_Fet_Wk14_AP25_CCTATTTGGAGC","MSC"
"B_Fet_Wk14_AP25_CCTCACGGACGG","MSC"
"B_Fet_Wk14_AP25_CCTCGACGGACG","SkM"
"B_Fet_Wk14_AP25_CCTCGCAAAGTG","MSC"
"B_Fet_Wk14_AP25_CCTCGCGTAGCT","SkM"
"B_Fet_Wk14_AP25_CCTCGTCGTAAC","Teno"
"B_Fet_Wk14_AP25_CCTGATAGGGCT","MSC"
"B_Fet_Wk14_AP25_CCTGATTATTGG","MSC"
"B_Fet_Wk14_AP25_CCTGCGAGTGCT","SkM"
"B_Fet_Wk14_AP25_CCTGGTATGATT","MSC"
"B_Fet_Wk14_AP25_CCTGTAGATTAA","MSC"
"B_Fet_Wk14_AP25_CCTTAGTGAGCC","MSC"
"B_Fet_Wk14_AP25_CCTTCTGAGTCA","MSC"
"B_Fet_Wk14_AP25_CGAAAGAGCTTC","SkM"
"B_Fet_Wk14_AP25_CGAAGTACCCGG","MSC"
"B_Fet_Wk14_AP25_CGACAATCCAGC","SkM"
"B_Fet_Wk14_AP25_CGACGGCCGAGG","MSC"
"B_Fet_Wk14_AP25_CGAGAATGAGAC","MSC"
"B_Fet_Wk14_AP25_CGAGAATGCTTG","Teno"
"B_Fet_Wk14_AP25_CGAGGACGAGAG","MSC"
"B_Fet_Wk14_AP25_CGAGTCAGTAGG","MSC"
"B_Fet_Wk14_AP25_CGATTCTACACC","SkM"
"B_Fet_Wk14_AP25_CGCAAATACACC","MSC"
"B_Fet_Wk14_AP25_CGCAAGCTGGTT","SMC"
"B_Fet_Wk14_AP25_CGCAATATGTGG","SkM"
"B_Fet_Wk14_AP25_CGCACTTCTCCG","SkM"
"B_Fet_Wk14_AP25_CGCAGCACCTTA","MSC"
"B_Fet_Wk14_AP25_CGCAGTTCACCT","SkM"
"B_Fet_Wk14_AP25_CGCATCCGTCTC","SkM"
"B_Fet_Wk14_AP25_CGCCCAGCACTT","SkM"
"B_Fet_Wk14_AP25_CGCCCCCCTCCT","SkM"
"B_Fet_Wk14_AP25_CGCCGGAGTGTG","MSC"
"B_Fet_Wk14_AP25_CGCCGTAAATAA","SkM"
"B_Fet_Wk14_AP25_CGCCTTTGGGTA","MSC"
"B_Fet_Wk14_AP25_CGCGACCCACTA","Teno"
"B_Fet_Wk14_AP25_CGCGCTGTATCG","MSC"
"B_Fet_Wk14_AP25_CGCGTGTAGGGT","MSC"
"B_Fet_Wk14_AP25_CGCTACGTTTTG","MSC"
"B_Fet_Wk14_AP25_CGCTTGAACGTC","MSC"
"B_Fet_Wk14_AP25_CGCTTGTAGCGC","MSC"
"B_Fet_Wk14_AP25_CGGAACTTAGCC","SkM"
"B_Fet_Wk14_AP25_CGGAAGGTCTTC","SkM"
"B_Fet_Wk14_AP25_CGGACGGCTTGG","MSC"
"B_Fet_Wk14_AP25_CGGAGGAAAGTA","MSC"
"B_Fet_Wk14_AP25_CGGAGTATCAAA","SkM"
"B_Fet_Wk14_AP25_CGGCCCCGAGTG","MSC"
"B_Fet_Wk14_AP25_CGGCCCTCATCC","MSC"
"B_Fet_Wk14_AP25_CGGCGCCCTCAG","MSC"
"B_Fet_Wk14_AP25_CGGCGGCCGGTG","MSC"
"B_Fet_Wk14_AP25_CGGCTTTACTGT","MSC"
"B_Fet_Wk14_AP25_CGGGAATAGTAA","SkM"
"B_Fet_Wk14_AP25_CGGGTGTCGTGC","SkM"
"B_Fet_Wk14_AP25_CGGTGTTTGTTC","Teno"
"B_Fet_Wk14_AP25_CGGTTACTCAAT","MSC"
"B_Fet_Wk14_AP25_CGGTTAGATTTG","MSC"
"B_Fet_Wk14_AP25_CGGTTTTGCAAT","MSC"
"B_Fet_Wk14_AP25_CGTACACAGTTT","SkM"
"B_Fet_Wk14_AP25_CGTACTAGGCGT","MSC"
"B_Fet_Wk14_AP25_CGTCCAATACCT","MSC"
"B_Fet_Wk14_AP25_CGTCCCGTTGCC","MSC"
"B_Fet_Wk14_AP25_CGTCGCGAGAGC","MSC"
"B_Fet_Wk14_AP25_CGTCGTTCGGAA","MSC"
"B_Fet_Wk14_AP25_CGTCTCGTCTGG","MSC"
"B_Fet_Wk14_AP25_CGTGCGTAAGTC","MSC"
"B_Fet_Wk14_AP25_CGTGTTCGCTAA","SkM"
"B_Fet_Wk14_AP25_CGTTAATTCCTG","SkM"
"B_Fet_Wk14_AP25_CGTTACTAGCAC","SkM"
"B_Fet_Wk14_AP25_CGTTAGATCGTG","SkM"
"B_Fet_Wk14_AP25_CGTTGATGATCT","SkM"
"B_Fet_Wk14_AP25_CGTTGCCTAACT","SkM"
"B_Fet_Wk14_AP25_CGTTTATCGCAT","MSC"
"B_Fet_Wk14_AP25_CGTTTCACCAGA","Teno"
"B_Fet_Wk14_AP25_CGTTTGCCGTTC","MSC"
"B_Fet_Wk14_AP25_CGTTTTAAAGTG","Teno"
"B_Fet_Wk14_AP25_CGTTTTAATGCA","MSC"
"B_Fet_Wk14_AP25_CTAAAGAGCTGG","MSC"
"B_Fet_Wk14_AP25_CTAAAGCCGGGA","SkM"
"B_Fet_Wk14_AP25_CTAAAGTGAGAG","MSC"
"B_Fet_Wk14_AP25_CTAACTACGCGG","Teno"
"B_Fet_Wk14_AP25_CTAACTGGGTCT","MSC"
"B_Fet_Wk14_AP25_CTAACTTGGTAG","MSC"
"B_Fet_Wk14_AP25_CTAAGCGCTGTA","MSC"
"B_Fet_Wk14_AP25_CTAATTCTTACT","MSC"
"B_Fet_Wk14_AP25_CTACAGGGAGGC","MSC"
"B_Fet_Wk14_AP25_CTACCACCGCCG","MSC"
"B_Fet_Wk14_AP25_CTAGGGTGAGGC","MSC"
"B_Fet_Wk14_AP25_CTATTCGGTCAT","MSC"
"B_Fet_Wk14_AP25_CTATTGAGGCGG","Teno"
"B_Fet_Wk14_AP25_CTCACGGATAAT","SkM"
"B_Fet_Wk14_AP25_CTCACTCAGTTT","MSC"
"B_Fet_Wk14_AP25_CTCAGCCCTACT","MSC"
"B_Fet_Wk14_AP25_CTCATAAACCTT","SkM"
"B_Fet_Wk14_AP25_CTCGCCATGTTT","SkM"
"B_Fet_Wk14_AP25_CTCGCCTAGGCC","SkM"
"B_Fet_Wk14_AP25_CTCTTACTGACA","SkM"
"B_Fet_Wk14_AP25_CTCTTGAATCGG","SkM"
"B_Fet_Wk14_AP25_CTGGGCGAGGGG","MSC"
"B_Fet_Wk14_AP25_CTGGTATATTGG","SkM"
"B_Fet_Wk14_AP25_CTGGTGGGTAGT","Teno"
"B_Fet_Wk14_AP25_CTGTTCGGAAAG","MSC"
"B_Fet_Wk14_AP25_CTGTTTTCCACT","MSC"
"B_Fet_Wk14_AP25_CTTACCGGAATT","SkM"
"B_Fet_Wk14_AP25_CTTCACCGTCCC","MSC"
"B_Fet_Wk14_AP25_CTTCATGAGGGG","SkM"
"B_Fet_Wk14_AP25_CTTCGCGGTAGG","SkM"
"B_Fet_Wk14_AP25_CTTCTTTGCGAC","MSC"
"B_Fet_Wk14_AP25_CTTGTCGAATGG","MSC"
"B_Fet_Wk14_AP25_CTTGTGGTTTGC","MSC"
"B_Fet_Wk14_AP25_CTTTGCTTCTAA","MSC"
"B_Fet_Wk14_AP25_GAAAACCTACCG","MSC"
"B_Fet_Wk14_AP25_GAACAGCATTGC","SkM"
"B_Fet_Wk14_AP25_GAACGCCGGCGG","SkM"
"B_Fet_Wk14_AP25_GAACTATGACAC","MSC"
"B_Fet_Wk14_AP25_GACACGTTCCAA","MSC"
"B_Fet_Wk14_AP25_GACCCCCTAGTG","SkM"
"B_Fet_Wk14_AP25_GACCGCCTTGCT","SkM"
"B_Fet_Wk14_AP25_GACGGAGAATGG","MSC"
"B_Fet_Wk14_AP25_GACGTTTGTTTC","Teno"
"B_Fet_Wk14_AP25_GAGAACGGTTTC","SkM"
"B_Fet_Wk14_AP25_GAGAAGAACGTT","MSC"
"B_Fet_Wk14_AP25_GAGACTGTGTGG","SkM"
"B_Fet_Wk14_AP25_GAGCTAATCCAG","MSC"
"B_Fet_Wk14_AP25_GAGGCCTTAACC","MSC"
"B_Fet_Wk14_AP25_GAGGGTGCTACA","SkM"
"B_Fet_Wk14_AP25_GAGTCACGGTGG","SkM"
"B_Fet_Wk14_AP25_GAGTCCCGGGCA","SkM"
"B_Fet_Wk14_AP25_GAGTTATCACCC","MSC"
"B_Fet_Wk14_AP25_GATACGAATACA","MSC"
"B_Fet_Wk14_AP25_GATACGCCACCT","MSC"
"B_Fet_Wk14_AP25_GATCTTTGGTAT","SkM"
"B_Fet_Wk14_AP25_GATGGGACTTCC","MSC"
"B_Fet_Wk14_AP25_GATGTGTGCGGC","MSC"
"B_Fet_Wk14_AP25_GATTAGTCCTGT","MSC"
"B_Fet_Wk14_AP25_GATTTTAAGACG","MSC"
"B_Fet_Wk14_AP25_GCAACCCCGCCC","MSC"
"B_Fet_Wk14_AP25_GCAACGGAGATC","MSC"
"B_Fet_Wk14_AP25_GCAAGTCTACGG","SkM"
"B_Fet_Wk14_AP25_GCAATTCGCTCG","Teno"
"B_Fet_Wk14_AP25_GCACAGATTTTC","MSC"
"B_Fet_Wk14_AP25_GCACGTATGAAA","SkM"
"B_Fet_Wk14_AP25_GCACGTTCCGCC","SkM"
"B_Fet_Wk14_AP25_GCAGGGCATAGG","MSC"
"B_Fet_Wk14_AP25_GCATGGGCCTGG","SkM"
"B_Fet_Wk14_AP25_GCCAAAGCTGGC","MSC"
"B_Fet_Wk14_AP25_GCCAACTGGGTC","MSC"
"B_Fet_Wk14_AP25_GCCAGGGCTAGG","Teno"
"B_Fet_Wk14_AP25_GCCCATGTATGG","Teno"
"B_Fet_Wk14_AP25_GCCCCCATCAGT","MSC"
"B_Fet_Wk14_AP25_GCCCTCGCGCGG","SkM"
"B_Fet_Wk14_AP25_GCCCTTAGCTGA","MSC"
"B_Fet_Wk14_AP25_GCCGATCCCAGG","MSC"
"B_Fet_Wk14_AP25_GCCGCAACTCGG","Teno"
"B_Fet_Wk14_AP25_GCCGGTTCGGTG","MSC"
"B_Fet_Wk14_AP25_GCCGTGTGTGGG","SkM"
"B_Fet_Wk14_AP25_GCGAAGGGCCTA","MSC"
"B_Fet_Wk14_AP25_GCGAGGAAGAAA","SkM"
"B_Fet_Wk14_AP25_GCGAGGGAATTT","MSC"
"B_Fet_Wk14_AP25_GCGCAAGGTTAG","MSC"
"B_Fet_Wk14_AP25_GCGCAGATCCCC","Teno"
"B_Fet_Wk14_AP25_GCGCATAGATTG","SkM"
"B_Fet_Wk14_AP25_GCGCTTGCCGTG","MSC"
"B_Fet_Wk14_AP25_GCGTGGGATCTA","MSC"
"B_Fet_Wk14_AP25_GCGTGTGATATG","MSC"
"B_Fet_Wk14_AP25_GCTACGATCTAC","MSC"
"B_Fet_Wk14_AP25_GCTCTTCGTTGG","Teno"
"B_Fet_Wk14_AP25_GCTGCCACTGGA","MSC"
"B_Fet_Wk14_AP25_GCTGTTTAGAAC","MSC"
"B_Fet_Wk14_AP25_GCTTACTCAGAG","MSC"
"B_Fet_Wk14_AP25_GCTTCAGTACTT","MSC"
"B_Fet_Wk14_AP25_GCTTTAGTTTTC","SkM"
"B_Fet_Wk14_AP25_GGACACTTGGTA","MSC"
"B_Fet_Wk14_AP25_GGACAGTGGTGC","MSC"
"B_Fet_Wk14_AP25_GGACATATGTGT","MSC"
"B_Fet_Wk14_AP25_GGACCAGTCACA","MSC"
"B_Fet_Wk14_AP25_GGACCCATGATT","Teno"
"B_Fet_Wk14_AP25_GGACCTATGAGG","MSC"
"B_Fet_Wk14_AP25_GGACCTGTTGGG","SkM"
"B_Fet_Wk14_AP25_GGACTTCGTGCC","MSC"
"B_Fet_Wk14_AP25_GGAGCAAGCCAC","SkM"
"B_Fet_Wk14_AP25_GGAGCCTTATAT","SkM"
"B_Fet_Wk14_AP25_GGAGGTCCGAAG","SkM"
"B_Fet_Wk14_AP25_GGAGGTGGGTGC","SkM"
"B_Fet_Wk14_AP25_GGAGGTGGTGAT","MSC"
"B_Fet_Wk14_AP25_GGAGTGCCGTTG","SkM"
"B_Fet_Wk14_AP25_GGATCGACCGAC","SkM"
"B_Fet_Wk14_AP25_GGATGCGAGTGG","SkM"
"B_Fet_Wk14_AP25_GGATGGCCAACT","SkM"
"B_Fet_Wk14_AP25_GGATTAGAATGA","MSC"
"B_Fet_Wk14_AP25_GGCACGCTTCTT","SkM"
"B_Fet_Wk14_AP25_GGCAGATTGTTT","MSC"
"B_Fet_Wk14_AP25_GGCATGTTTCGG","Teno"
"B_Fet_Wk14_AP25_GGCCAACGAAGG","MSC"
"B_Fet_Wk14_AP25_GGCCGTGAGTTA","SkM"
"B_Fet_Wk14_AP25_GGCGAATTGGGG","SkM"
"B_Fet_Wk14_AP25_GGCGCGCGCACG","MSC"
"B_Fet_Wk14_AP25_GGCGCTAAGTTG","MSC"
"B_Fet_Wk14_AP25_GGCGGGACGCTT","MSC"
"B_Fet_Wk14_AP25_GGCTTCATTGGG","MSC"
"B_Fet_Wk14_AP25_GGCTTTTCACTT","MSC"
"B_Fet_Wk14_AP25_GGGATTGTTCTG","MSC"
"B_Fet_Wk14_AP25_GGGCCCATTGTT","SkM"
"B_Fet_Wk14_AP25_GGGCGGATTTCA","MSC"
"B_Fet_Wk14_AP25_GGGCTGTGCTCC","SkM"
"B_Fet_Wk14_AP25_GGGGCTGCGACC","Teno"
"B_Fet_Wk14_AP25_GGGTCCTTGGCA","MSC"
"B_Fet_Wk14_AP25_GGGTGTAGGTCA","MSC"
"B_Fet_Wk14_AP25_GGTACCGCGTGG","SkM"
"B_Fet_Wk14_AP25_GGTCAGATAATG","MSC"
"B_Fet_Wk14_AP25_GGTCCCTTGGTG","MSC"
"B_Fet_Wk14_AP25_GGTCGCTCAGTA","MSC"
"B_Fet_Wk14_AP25_GGTCGGCGTCTC","MSC"
"B_Fet_Wk14_AP25_GGTCTGCTGCTT","SkM"
"B_Fet_Wk14_AP25_GGTGGGGCCGTG","MSC"
"B_Fet_Wk14_AP25_GGTGTTTTTTAG","SkM"
"B_Fet_Wk14_AP25_GGTTAGGTGTCT","SkM"
"B_Fet_Wk14_AP25_GGTTATGGACTG","MSC"
"B_Fet_Wk14_AP25_GGTTTCGCGTAA","SkM"
"B_Fet_Wk14_AP25_GTAACCGATTGC","MSC"
"B_Fet_Wk14_AP25_GTAAGATACCTA","MSC"
"B_Fet_Wk14_AP25_GTAATCCTTGTG","MSC"
"B_Fet_Wk14_AP25_GTAGAAGGCCCG","MSC"
"B_Fet_Wk14_AP25_GTAGATCTCTCT","SkM"
"B_Fet_Wk14_AP25_GTAGCCCACCCA","MSC"
"B_Fet_Wk14_AP25_GTATATTGACGA","SkM"
"B_Fet_Wk14_AP25_GTATTTTTAAGC","Teno"
"B_Fet_Wk14_AP25_GTCAAGGGTCAA","SkM"
"B_Fet_Wk14_AP25_GTCAAGTCTTTC","MSC"
"B_Fet_Wk14_AP25_GTCAGCAAGTCC","MSC"
"B_Fet_Wk14_AP25_GTCAGCTACTAG","MSC"
"B_Fet_Wk14_AP25_GTCCCTTACGGG","Teno"
"B_Fet_Wk14_AP25_GTCCGAGATTGT","SkM"
"B_Fet_Wk14_AP25_GTCCGCTATATG","MSC"
"B_Fet_Wk14_AP25_GTCGAACTTTGG","SkM"
"B_Fet_Wk14_AP25_GTCGATTGGCCG","SkM"
"B_Fet_Wk14_AP25_GTCGGTGCTAGG","SkM"
"B_Fet_Wk14_AP25_GTCGTGCTACTA","MSC"
"B_Fet_Wk14_AP25_GTCGTTCGGTTG","SkM"
"B_Fet_Wk14_AP25_GTCGTTTGGTGT","SkM"
"B_Fet_Wk14_AP25_GTCTCACATCTT","SkM"
"B_Fet_Wk14_AP25_GTCTTAGGTTGG","SkM"
"B_Fet_Wk14_AP25_GTCTTCCCCGTC","MSC"
"B_Fet_Wk14_AP25_GTGAAGTAGATC","MSC"
"B_Fet_Wk14_AP25_GTGACCGTCCAG","MSC"
"B_Fet_Wk14_AP25_GTGAGCCGGTAG","MSC"
"B_Fet_Wk14_AP25_GTGCAGGCACTG","MSC"
"B_Fet_Wk14_AP25_GTGCGCGTTACA","MSC"
"B_Fet_Wk14_AP25_GTGGCAAGGACC","MSC"
"B_Fet_Wk14_AP25_GTGGGTTATCCG","SkM"
"B_Fet_Wk14_AP25_GTGTCTGATCTT","Teno"
"B_Fet_Wk14_AP25_GTGTGTCAGCCC","MSC"
"B_Fet_Wk14_AP25_GTGTTAATTCAG","SkM"
"B_Fet_Wk14_AP25_GTGTTATCCTGA","MSC"
"B_Fet_Wk14_AP25_GTGTTATGGCGG","SkM"
"B_Fet_Wk14_AP25_GTTATACCTTTG","MSC"
"B_Fet_Wk14_AP25_GTTATCATAGGA","MSC"
"B_Fet_Wk14_AP25_GTTGGTGTCCAA","MSC"
"B_Fet_Wk14_AP25_GTTGTTTTGAGG","SkM"
"B_Fet_Wk14_AP25_GTTTCGGACGTG","MSC"
"B_Fet_Wk14_AP25_GTTTCGTCGGCA","MSC"
"B_Fet_Wk14_AP25_GTTTTCGCAGGC","MSC"
"B_Fet_Wk14_AP25_GTTTTTGGGATG","MSC"
"B_Fet_Wk14_AP25_TAAATATAACCG","MSC"
"B_Fet_Wk14_AP25_TAAATCGGGTTG","Teno"
"B_Fet_Wk14_AP25_TAACCTTTAAGG","MSC"
"B_Fet_Wk14_AP25_TAACTTACTATC","MSC"
"B_Fet_Wk14_AP25_TAAGTAATAATG","MSC"
"B_Fet_Wk14_AP25_TAAGTTTCTGAC","MSC"
"B_Fet_Wk14_AP25_TAATATTTGATG","MSC"
"B_Fet_Wk14_AP25_TAATCTCAGTTC","SkM"
"B_Fet_Wk14_AP25_TACAGTCCAATA","MSC"
"B_Fet_Wk14_AP25_TACCCCAAGTCA","MSC"
"B_Fet_Wk14_AP25_TACGCGCGACAC","SkM"
"B_Fet_Wk14_AP25_TACTTCTATTCA","MSC"
"B_Fet_Wk14_AP25_TAGAAGCATTAC","MSC"
"B_Fet_Wk14_AP25_TAGATTATTGCT","Teno"
"B_Fet_Wk14_AP25_TAGCAATAGTGG","MSC"
"B_Fet_Wk14_AP25_TAGGTTACCGCG","MSC"
"B_Fet_Wk14_AP25_TAGTAGCTAAGT","SkM"
"B_Fet_Wk14_AP25_TATAGACGGGTG","SkM"
"B_Fet_Wk14_AP25_TATCAATAGATG","SkM"
"B_Fet_Wk14_AP25_TATGGTCCCACG","SkM"
"B_Fet_Wk14_AP25_TATGTACAAGAG","SkM"
"B_Fet_Wk14_AP25_TATTACCTTCGT","SkM"
"B_Fet_Wk14_AP25_TATTCCATGTTC","MSC"
"B_Fet_Wk14_AP25_TATTCGTGGGTT","SkM"
"B_Fet_Wk14_AP25_TATTGCATACCA","MSC"
"B_Fet_Wk14_AP25_TATTTACTGACT","SkM"
"B_Fet_Wk14_AP25_TATTTGGGACGT","SkM"
"B_Fet_Wk14_AP25_TCAACCGTCGGG","MSC"
"B_Fet_Wk14_AP25_TCAACGTTGGTG","SkM"
"B_Fet_Wk14_AP25_TCACCCCAAGCG","MSC"
"B_Fet_Wk14_AP25_TCACTGATGGCC","MSC"
"B_Fet_Wk14_AP25_TCAGAGCATACT","SkM"
"B_Fet_Wk14_AP25_TCAGATGGTGCT","Teno"
"B_Fet_Wk14_AP25_TCATCGATGTGC","MSC"
"B_Fet_Wk14_AP25_TCATCTTATCTC","MSC"
"B_Fet_Wk14_AP25_TCATTGTCGTGA","SkM"
"B_Fet_Wk14_AP25_TCCACTTTCAGG","SkM"
"B_Fet_Wk14_AP25_TCCATCAAGCTG","MSC"
"B_Fet_Wk14_AP25_TCCCACACGACG","MSC"
"B_Fet_Wk14_AP25_TCCCCTGCCTTA","SkM"
"B_Fet_Wk14_AP25_TCCCGCGAAGCT","MSC"
"B_Fet_Wk14_AP25_TCCCGGTGGCTG","MSC"
"B_Fet_Wk14_AP25_TCCGGATCACGA","MSC"
"B_Fet_Wk14_AP25_TCCGGCTGCCTG","MSC"
"B_Fet_Wk14_AP25_TCCTCGTCGTTG","MSC"
"B_Fet_Wk14_AP25_TCGACGGGATTA","MSC"
"B_Fet_Wk14_AP25_TCGAGCAATCCG","MSC"
"B_Fet_Wk14_AP25_TCGAGCTTTTAA","MSC"
"B_Fet_Wk14_AP25_TCGCCGCTGTGG","SkM"
"B_Fet_Wk14_AP25_TCGCCGTCCCTG","MSC"
"B_Fet_Wk14_AP25_TCGCGCGATGAG","MSC"
"B_Fet_Wk14_AP25_TCGGAGTTAGGT","SkM"
"B_Fet_Wk14_AP25_TCGGGATATTAG","Teno"
"B_Fet_Wk14_AP25_TCGGTCTGGGAC","MSC"
"B_Fet_Wk14_AP25_TCGTGGCTGAAG","MSC"
"B_Fet_Wk14_AP25_TCTAAAAATATT","SkM"
"B_Fet_Wk14_AP25_TCTAAGTATCCA","MSC"
"B_Fet_Wk14_AP25_TCTCCAAACCAG","SkM"
"B_Fet_Wk14_AP25_TCTCCTGCATAC","MSC"
"B_Fet_Wk14_AP25_TCTTCCTTAGTT","MSC"
"B_Fet_Wk14_AP25_TCTTTATTTGCT","MSC"
"B_Fet_Wk14_AP25_TCTTTCACCCCC","SkM"
"B_Fet_Wk14_AP25_TGAAAGTGTTCG","MSC"
"B_Fet_Wk14_AP25_TGAACGATTGTG","MSC"
"B_Fet_Wk14_AP25_TGAAGGATATGG","MSC"
"B_Fet_Wk14_AP25_TGAAGTAAGTGG","SkM"
"B_Fet_Wk14_AP25_TGACAGAATCAC","SkM"
"B_Fet_Wk14_AP25_TGACCGAGACCG","SkM"
"B_Fet_Wk14_AP25_TGACCTTAAGGA","MSC"
"B_Fet_Wk14_AP25_TGAGGTGCTAGT","SkM"
"B_Fet_Wk14_AP25_TGAGTCCTGATG","MSC"
"B_Fet_Wk14_AP25_TGATAGCTGCCG","SMC"
"B_Fet_Wk14_AP25_TGCAGCTCGCCA","MSC"
"B_Fet_Wk14_AP25_TGCATGCCGTGC","MSC"
"B_Fet_Wk14_AP25_TGCCCGATTGAG","Dermal"
"B_Fet_Wk14_AP25_TGCCTCGAGAAG","SkM"
"B_Fet_Wk14_AP25_TGCCTGGTTTTG","MSC"
"B_Fet_Wk14_AP25_TGCTTTCGATCT","MSC"
"B_Fet_Wk14_AP25_TGGAAGCCGCGA","SkM"
"B_Fet_Wk14_AP25_TGGATCTACTCC","SkM"
"B_Fet_Wk14_AP25_TGGCGACAGGAG","SkM"
"B_Fet_Wk14_AP25_TGGGTCACTGGG","MSC"
"B_Fet_Wk14_AP25_TGGTAGTAGCCG","MSC"
"B_Fet_Wk14_AP25_TGGTCTTGCGAA","MSC"
"B_Fet_Wk14_AP25_TGGTTAGTCTGT","MSC"
"B_Fet_Wk14_AP25_TGGTTCCGGGTG","SkM"
"B_Fet_Wk14_AP25_TGTAGGTCTATT","MSC"
"B_Fet_Wk14_AP25_TGTCCTTGGCGT","MSC"
"B_Fet_Wk14_AP25_TGTCGAGATGGG","MSC"
"B_Fet_Wk14_AP25_TGTCTTGAAAGG","SkM"
"B_Fet_Wk14_AP25_TGTCTTGTGCGC","MSC"
"B_Fet_Wk14_AP25_TGTGGAATCAGG","SkM"
"B_Fet_Wk14_AP25_TGTGTCTGGTGA","MSC"
"B_Fet_Wk14_AP25_TGTTTGTTCGAG","MSC"
"B_Fet_Wk14_AP25_TGTTTTCAGGAT","MSC"
"B_Fet_Wk14_AP25_TTAACCAAACAT","MSC"
"B_Fet_Wk14_AP25_TTAACCTGTGGG","SkM"
"B_Fet_Wk14_AP25_TTAACGGTGGGG","MSC"
"B_Fet_Wk14_AP25_TTACGATAACCA","SkM"
"B_Fet_Wk14_AP25_TTACGCCCTCAT","MSC"
"B_Fet_Wk14_AP25_TTACTCGCGATC","Teno"
"B_Fet_Wk14_AP25_TTAGGATTTGTT","MSC"
"B_Fet_Wk14_AP25_TTAGGTTACAGC","SkM"
"B_Fet_Wk14_AP25_TTCAATACATAC","SkM"
"B_Fet_Wk14_AP25_TTCACGTAGACC","SkM"
"B_Fet_Wk14_AP25_TTCACTCTACAT","MSC"
"B_Fet_Wk14_AP25_TTCACTGATTTG","SMC"
"B_Fet_Wk14_AP25_TTCAGCCTCCCC","MSC"
"B_Fet_Wk14_AP25_TTCAGCTTAGGA","SkM"
"B_Fet_Wk14_AP25_TTCCAAAGCCAG","SkM"
"B_Fet_Wk14_AP25_TTCCAGCTCTAT","MSC"
"B_Fet_Wk14_AP25_TTCCAGTTTAGG","MSC"
"B_Fet_Wk14_AP25_TTCCCGCCGACA","SMC"
"B_Fet_Wk14_AP25_TTCCCGCGTCTG","SkM"
"B_Fet_Wk14_AP25_TTCCGCTATTGG","MSC"
"B_Fet_Wk14_AP25_TTCCTTGTCGAA","SkM"
"B_Fet_Wk14_AP25_TTCGCTCTCGCA","MSC"
"B_Fet_Wk14_AP25_TTCGTCGGCTTC","MSC"
"B_Fet_Wk14_AP25_TTCGTTTCCCAT","MSC"
"B_Fet_Wk14_AP25_TTCTTCAGGACG","SkM"
"B_Fet_Wk14_AP25_TTGAACCCTGGA","MSC"
"B_Fet_Wk14_AP25_TTGACATCGTTG","SkM"
"B_Fet_Wk14_AP25_TTGATGGCTGAG","MSC"
"B_Fet_Wk14_AP25_TTGCCATTCTAG","MSC"
"B_Fet_Wk14_AP25_TTGCGGTCTTTA","MSC"
"B_Fet_Wk14_AP25_TTGCGTCTGCAT","SkM"
"B_Fet_Wk14_AP25_TTGGTCGTCAGC","SkM"
"B_Fet_Wk14_AP25_TTGTGACCTTGG","MSC"
"B_Fet_Wk14_AP25_TTGTGCTGTTTT","SkM"
"B_Fet_Wk14_AP25_TTGTTTGTAGAG","SkM"
"B_Fet_Wk14_AP25_TTTCAATCAATG","Dermal"
"B_Fet_Wk14_AP25_TTTCGAGCCCGG","MSC"
"B_Fet_Wk14_AP25_TTTGTCCGCTCA","MSC"
"B_Fet_Wk14_AP25_TTTTCTAGGGCT","SkM"
"B_Fet_Wk14_AP25_TTTTCTGACCAC","MSC"
"B_Fet_Wk14_AP25_TTTTGAAGGTTG","SkM"
"B_Fet_Wk14_AP25_TTTTTTCGAGGC","SkM"
